Año,Trimestre,Provincia,Numero_denuncias
2009,Primero,Almería,679
2009,Primero,Cádiz,811
2009,Primero,Córdoba,354
2009,Primero,Granada,1029
2009,Primero,Huelva,583
2009,Primero,Jaén,440
2009,Primero,Málaga,1665
2009,Primero,Sevilla,1091
2009,Primero,Huesca,91
2009,Primero,Teruel,39
2009,Primero,Zaragoza,565
2009,Primero,Asturias,529
2009,Primero,Illes Balears,1142
2009,Primero,Las Palmas,1222
2009,Primero,Santa Cruz de Tenerife,873
2009,Primero,Cantabria,280
2009,Primero,Ávila,118
2009,Primero,Burgos,234
2009,Primero,León,239
2009,Primero,Palencia,80
2009,Primero,Salamanca,156
2009,Primero,Segovia,64
2009,Primero,Soria,43
2009,Primero,Valladolid,453
2009,Primero,Zamora,70
2009,Primero,Albacete,246
2009,Primero,Ciudad Real,265
2009,Primero,Cuenca,98
2009,Primero,Guadalajara,319
2009,Primero,Toledo,350
2009,Primero,Barcelona,2994
2009,Primero,Girona,522
2009,Primero,Lleida,229
2009,Primero,Tarragona,643
2009,Primero,Alicante/Alacant,1895
2009,Primero,Castellón/Castelló,338
2009,Primero,Valencia/València,2532
2009,Primero,Badajoz,253
2009,Primero,Cáceres,216
2009,Primero,A Coruña,528
2009,Primero,Lugo,135
2009,Primero,Ourense,198
2009,Primero,Pontevedra,560
2009,Primero,Madrid,5429
2009,Primero,Murcia,1388
2009,Primero,Navarra,258
2009,Primero,Araba/Álava,191
2009,Primero,Gipuzkoa,310
2009,Primero,Bizkaia,527
2009,Primero,La Rioja,232
2009,Primero,Ceuta,64
2009,Primero,Melilla,85
2009,Segundo,Almería,715
2009,Segundo,Cádiz,924
2009,Segundo,Córdoba,348
2009,Segundo,Granada,1030
2009,Segundo,Huelva,612
2009,Segundo,Jaén,398
2009,Segundo,Málaga,1131
2009,Segundo,Sevilla,1563
2009,Segundo,Huesca,94
2009,Segundo,Teruel,43
2009,Segundo,Zaragoza,605
2009,Segundo,Asturias,643
2009,Segundo,Illes Balears,1092
2009,Segundo,Las Palmas,1298
2009,Segundo,Santa Cruz de Tenerife,1028
2009,Segundo,Cantabria,273
2009,Segundo,Ávila,111
2009,Segundo,Burgos,164
2009,Segundo,León,285
2009,Segundo,Palencia,73
2009,Segundo,Salamanca,137
2009,Segundo,Segovia,72
2009,Segundo,Soria,58
2009,Segundo,Valladolid,476
2009,Segundo,Zamora,84
2009,Segundo,Albacete,207
2009,Segundo,Ciudad Real,274
2009,Segundo,Cuenca,116
2009,Segundo,Guadalajara,409
2009,Segundo,Toledo,412
2009,Segundo,Barcelona,2969
2009,Segundo,Girona,525
2009,Segundo,Lleida,292
2009,Segundo,Tarragona,794
2009,Segundo,Alicante/Alacant,2025
2009,Segundo,Castellón/Castelló,461
2009,Segundo,Valencia/València,2448
2009,Segundo,Badajoz,272
2009,Segundo,Cáceres,115
2009,Segundo,A Coruña,647
2009,Segundo,Lugo,175
2009,Segundo,Ourense,169
2009,Segundo,Pontevedra,596
2009,Segundo,Madrid,5427
2009,Segundo,Murcia,1595
2009,Segundo,Navarra,260
2009,Segundo,Araba/Álava,215
2009,Segundo,Gipuzkoa,295
2009,Segundo,Bizkaia,658
2009,Segundo,La Rioja,189
2009,Segundo,Ceuta,84
2009,Segundo,Melilla,97
2009,Tercero,Almería,665
2009,Tercero,Cádiz,1098
2009,Tercero,Córdoba,433
2009,Tercero,Granada,1055
2009,Tercero,Huelva,501
2009,Tercero,Jaén,451
2009,Tercero,Málaga,1347
2009,Tercero,Sevilla,1704
2009,Tercero,Huesca,101
2009,Tercero,Teruel,37
2009,Tercero,Zaragoza,682
2009,Tercero,Asturias,696
2009,Tercero,Illes Balears,1203
2009,Tercero,Las Palmas,1309
2009,Tercero,Santa Cruz de Tenerife,972
2009,Tercero,Cantabria,326
2009,Tercero,Ávila,114
2009,Tercero,Burgos,202
2009,Tercero,León,142
2009,Tercero,Palencia,64
2009,Tercero,Salamanca,150
2009,Tercero,Segovia,77
2009,Tercero,Soria,38
2009,Tercero,Valladolid,268
2009,Tercero,Zamora,73
2009,Tercero,Albacete,269
2009,Tercero,Ciudad Real,296
2009,Tercero,Cuenca,99
2009,Tercero,Guadalajara,245
2009,Tercero,Toledo,441
2009,Tercero,Barcelona,3147
2009,Tercero,Girona,575
2009,Tercero,Lleida,299
2009,Tercero,Tarragona,707
2009,Tercero,Alicante/Alacant,2024
2009,Tercero,Castellón/Castelló,484
2009,Tercero,Valencia/València,2546
2009,Tercero,Badajoz,301
2009,Tercero,Cáceres,156
2009,Tercero,A Coruña,637
2009,Tercero,Lugo,170
2009,Tercero,Ourense,127
2009,Tercero,Pontevedra,659
2009,Tercero,Madrid,5013
2009,Tercero,Murcia,1574
2009,Tercero,Navarra,383
2009,Tercero,Araba/Álava,140
2009,Tercero,Gipuzkoa,263
2009,Tercero,Bizkaia,558
2009,Tercero,La Rioja,239
2009,Tercero,Ceuta,112
2009,Tercero,Melilla,98
2009,Cuarto,Almería,545
2009,Cuarto,Cádiz,860
2009,Cuarto,Córdoba,200
2009,Cuarto,Granada,774
2009,Cuarto,Huelva,407
2009,Cuarto,Jaén,345
2009,Cuarto,Málaga,1025
2009,Cuarto,Sevilla,1360
2009,Cuarto,Huesca,85
2009,Cuarto,Teruel,36
2009,Cuarto,Zaragoza,470
2009,Cuarto,Asturias,505
2009,Cuarto,Illes Balears,1016
2009,Cuarto,Las Palmas,1334
2009,Cuarto,Santa Cruz de Tenerife,946
2009,Cuarto,Cantabria,293
2009,Cuarto,Ávila,87
2009,Cuarto,Burgos,198
2009,Cuarto,León,173
2009,Cuarto,Palencia,67
2009,Cuarto,Salamanca,130
2009,Cuarto,Segovia,60
2009,Cuarto,Soria,32
2009,Cuarto,Valladolid,232
2009,Cuarto,Zamora,66
2009,Cuarto,Albacete,237
2009,Cuarto,Ciudad Real,245
2009,Cuarto,Cuenca,92
2009,Cuarto,Guadalajara,381
2009,Cuarto,Toledo,369
2009,Cuarto,Barcelona,3152
2009,Cuarto,Girona,488
2009,Cuarto,Lleida,248
2009,Cuarto,Tarragona,634
2009,Cuarto,Alicante/Alacant,1813
2009,Cuarto,Castellón/Castelló,380
2009,Cuarto,Valencia/València,2404
2009,Cuarto,Badajoz,288
2009,Cuarto,Cáceres,101
2009,Cuarto,A Coruña,588
2009,Cuarto,Lugo,101
2009,Cuarto,Ourense,125
2009,Cuarto,Pontevedra,652
2009,Cuarto,Madrid,4994
2009,Cuarto,Murcia,1528
2009,Cuarto,Navarra,335
2009,Cuarto,Araba/Álava,194
2009,Cuarto,Gipuzkoa,204
2009,Cuarto,Bizkaia,503
2009,Cuarto,La Rioja,174
2009,Cuarto,Ceuta,74
2009,Cuarto,Melilla,81
2010,Primero,Almería,638
2010,Primero,Cádiz,810
2010,Primero,Córdoba,256
2010,Primero,Granada,908
2010,Primero,Huelva,430
2010,Primero,Jaén,332
2010,Primero,Málaga,1320
2010,Primero,Sevilla,1578
2010,Primero,Huesca,76
2010,Primero,Teruel,43
2010,Primero,Zaragoza,429
2010,Primero,Asturias,554
2010,Primero,Illes Balears,991
2010,Primero,Las Palmas,1299
2010,Primero,Santa Cruz de Tenerife,888
2010,Primero,Cantabria,301
2010,Primero,Ávila,122
2010,Primero,Burgos,186
2010,Primero,León,241
2010,Primero,Palencia,73
2010,Primero,Salamanca,126
2010,Primero,Segovia,45
2010,Primero,Soria,31
2010,Primero,Valladolid,242
2010,Primero,Zamora,64
2010,Primero,Albacete,199
2010,Primero,Ciudad Real,274
2010,Primero,Cuenca,100
2010,Primero,Guadalajara,405
2010,Primero,Toledo,406
2010,Primero,Barcelona,3140
2010,Primero,Girona,499
2010,Primero,Lleida,203
2010,Primero,Tarragona,700
2010,Primero,Alicante/Alacant,1614
2010,Primero,Castellón/Castelló,422
2010,Primero,Valencia/València,2537
2010,Primero,Badajoz,289
2010,Primero,Cáceres,172
2010,Primero,A Coruña,551
2010,Primero,Lugo,121
2010,Primero,Ourense,142
2010,Primero,Pontevedra,611
2010,Primero,Madrid,5061
2010,Primero,Murcia,1443
2010,Primero,Navarra,357
2010,Primero,Araba/Álava,180
2010,Primero,Gipuzkoa,248
2010,Primero,Bizkaia,528
2010,Primero,La Rioja,129
2010,Primero,Ceuta,80
2010,Primero,Melilla,102
2010,Segundo,Almería,680
2010,Segundo,Cádiz,960
2010,Segundo,Córdoba,282
2010,Segundo,Granada,944
2010,Segundo,Huelva,465
2010,Segundo,Jaén,398
2010,Segundo,Málaga,1549
2010,Segundo,Sevilla,1718
2010,Segundo,Huesca,96
2010,Segundo,Teruel,46
2010,Segundo,Zaragoza,540
2010,Segundo,Asturias,493
2010,Segundo,Illes Balears,1138
2010,Segundo,Las Palmas,1123
2010,Segundo,Santa Cruz de Tenerife,859
2010,Segundo,Cantabria,321
2010,Segundo,Ávila,114
2010,Segundo,Burgos,159
2010,Segundo,León,158
2010,Segundo,Palencia,83
2010,Segundo,Salamanca,133
2010,Segundo,Segovia,57
2010,Segundo,Soria,28
2010,Segundo,Valladolid,274
2010,Segundo,Zamora,58
2010,Segundo,Albacete,267
2010,Segundo,Ciudad Real,307
2010,Segundo,Cuenca,112
2010,Segundo,Guadalajara,369
2010,Segundo,Toledo,386
2010,Segundo,Barcelona,3231
2010,Segundo,Girona,548
2010,Segundo,Lleida,245
2010,Segundo,Tarragona,771
2010,Segundo,Alicante/Alacant,1754
2010,Segundo,Castellón/Castelló,477
2010,Segundo,Valencia/València,2621
2010,Segundo,Badajoz,361
2010,Segundo,Cáceres,140
2010,Segundo,A Coruña,432
2010,Segundo,Lugo,127
2010,Segundo,Ourense,137
2010,Segundo,Pontevedra,581
2010,Segundo,Madrid,5661
2010,Segundo,Murcia,1430
2010,Segundo,Navarra,364
2010,Segundo,Araba/Álava,189
2010,Segundo,Gipuzkoa,258
2010,Segundo,Bizkaia,482
2010,Segundo,La Rioja,152
2010,Segundo,Ceuta,73
2010,Segundo,Melilla,105
2010,Tercero,Almería,780
2010,Tercero,Cádiz,1039
2010,Tercero,Córdoba,264
2010,Tercero,Granada,929
2010,Tercero,Huelva,414
2010,Tercero,Jaén,435
2010,Tercero,Málaga,1324
2010,Tercero,Sevilla,1918
2010,Tercero,Huesca,93
2010,Tercero,Teruel,65
2010,Tercero,Zaragoza,583
2010,Tercero,Asturias,594
2010,Tercero,Illes Balears,1200
2010,Tercero,Las Palmas,1176
2010,Tercero,Santa Cruz de Tenerife,932
2010,Tercero,Cantabria,344
2010,Tercero,Ávila,100
2010,Tercero,Burgos,161
2010,Tercero,León,239
2010,Tercero,Palencia,75
2010,Tercero,Salamanca,136
2010,Tercero,Segovia,76
2010,Tercero,Soria,39
2010,Tercero,Valladolid,272
2010,Tercero,Zamora,74
2010,Tercero,Albacete,225
2010,Tercero,Ciudad Real,345
2010,Tercero,Cuenca,117
2010,Tercero,Guadalajara,376
2010,Tercero,Toledo,407
2010,Tercero,Barcelona,3436
2010,Tercero,Girona,635
2010,Tercero,Lleida,268
2010,Tercero,Tarragona,817
2010,Tercero,Alicante/Alacant,2113
2010,Tercero,Castellón/Castelló,581
2010,Tercero,Valencia/València,2672
2010,Tercero,Badajoz,265
2010,Tercero,Cáceres,188
2010,Tercero,A Coruña,538
2010,Tercero,Lugo,146
2010,Tercero,Ourense,261
2010,Tercero,Pontevedra,493
2010,Tercero,Madrid,5547
2010,Tercero,Murcia,1416
2010,Tercero,Navarra,402
2010,Tercero,Araba/Álava,205
2010,Tercero,Gipuzkoa,285
2010,Tercero,Bizkaia,459
2010,Tercero,La Rioja,203
2010,Tercero,Ceuta,67
2010,Tercero,Melilla,82
2010,Cuarto,Almería,654
2010,Cuarto,Cádiz,994
2010,Cuarto,Córdoba,224
2010,Cuarto,Granada,902
2010,Cuarto,Huelva,403
2010,Cuarto,Jaén,366
2010,Cuarto,Málaga,1324
2010,Cuarto,Sevilla,1809
2010,Cuarto,Huesca,69
2010,Cuarto,Teruel,29
2010,Cuarto,Zaragoza,504
2010,Cuarto,Asturias,506
2010,Cuarto,Illes Balears,902
2010,Cuarto,Las Palmas,1131
2010,Cuarto,Santa Cruz de Tenerife,918
2010,Cuarto,Cantabria,265
2010,Cuarto,Ávila,109
2010,Cuarto,Burgos,147
2010,Cuarto,León,180
2010,Cuarto,Palencia,84
2010,Cuarto,Salamanca,109
2010,Cuarto,Segovia,53
2010,Cuarto,Soria,39
2010,Cuarto,Valladolid,267
2010,Cuarto,Zamora,73
2010,Cuarto,Albacete,251
2010,Cuarto,Ciudad Real,245
2010,Cuarto,Cuenca,118
2010,Cuarto,Guadalajara,402
2010,Cuarto,Toledo,354
2010,Cuarto,Barcelona,2975
2010,Cuarto,Girona,493
2010,Cuarto,Lleida,209
2010,Cuarto,Tarragona,696
2010,Cuarto,Alicante/Alacant,1665
2010,Cuarto,Castellón/Castelló,428
2010,Cuarto,Valencia/València,2485
2010,Cuarto,Badajoz,222
2010,Cuarto,Cáceres,141
2010,Cuarto,A Coruña,476
2010,Cuarto,Lugo,108
2010,Cuarto,Ourense,145
2010,Cuarto,Pontevedra,401
2010,Cuarto,Madrid,4926
2010,Cuarto,Murcia,1224
2010,Cuarto,Navarra,347
2010,Cuarto,Araba/Álava,189
2010,Cuarto,Gipuzkoa,234
2010,Cuarto,Bizkaia,434
2010,Cuarto,La Rioja,176
2010,Cuarto,Ceuta,53
2010,Cuarto,Melilla,84
2011,Primero,Almería,677
2011,Primero,Cádiz,862
2011,Primero,Córdoba,402
2011,Primero,Granada,894
2011,Primero,Huelva,393
2011,Primero,Jaén,378
2011,Primero,Málaga,1263
2011,Primero,Sevilla,1848
2011,Primero,Huesca,103
2011,Primero,Teruel,43
2011,Primero,Zaragoza,619
2011,Primero,Asturias,610
2011,Primero,Illes Balears,1032
2011,Primero,Las Palmas,1088
2011,Primero,Santa Cruz de Tenerife,859
2011,Primero,Cantabria,262
2011,Primero,Ávila,104
2011,Primero,Burgos,183
2011,Primero,León,216
2011,Primero,Palencia,88
2011,Primero,Salamanca,120
2011,Primero,Segovia,46
2011,Primero,Soria,38
2011,Primero,Valladolid,345
2011,Primero,Zamora,62
2011,Primero,Albacete,191
2011,Primero,Ciudad Real,288
2011,Primero,Cuenca,139
2011,Primero,Guadalajara,394
2011,Primero,Toledo,313
2011,Primero,Barcelona,2939
2011,Primero,Girona,504
2011,Primero,Lleida,201
2011,Primero,Tarragona,652
2011,Primero,Alicante/Alacant,1784
2011,Primero,Castellón/Castelló,395
2011,Primero,Valencia/València,2443
2011,Primero,Badajoz,284
2011,Primero,Cáceres,158
2011,Primero,A Coruña,505
2011,Primero,Lugo,158
2011,Primero,Ourense,158
2011,Primero,Pontevedra,542
2011,Primero,Madrid,4913
2011,Primero,Murcia,1334
2011,Primero,Navarra,344
2011,Primero,Araba/Álava,172
2011,Primero,Gipuzkoa,290
2011,Primero,Bizkaia,505
2011,Primero,La Rioja,177
2011,Primero,Ceuta,103
2011,Primero,Melilla,71
2011,Segundo,Almería,665
2011,Segundo,Cádiz,813
2011,Segundo,Córdoba,292
2011,Segundo,Granada,868
2011,Segundo,Huelva,409
2011,Segundo,Jaén,339
2011,Segundo,Málaga,1543
2011,Segundo,Sevilla,2140
2011,Segundo,Huesca,121
2011,Segundo,Teruel,56
2011,Segundo,Zaragoza,679
2011,Segundo,Asturias,678
2011,Segundo,Illes Balears,1071
2011,Segundo,Las Palmas,1231
2011,Segundo,Santa Cruz de Tenerife,906
2011,Segundo,Cantabria,290
2011,Segundo,Ávila,68
2011,Segundo,Burgos,159
2011,Segundo,León,214
2011,Segundo,Palencia,69
2011,Segundo,Salamanca,124
2011,Segundo,Segovia,49
2011,Segundo,Soria,34
2011,Segundo,Valladolid,357
2011,Segundo,Zamora,74
2011,Segundo,Albacete,211
2011,Segundo,Ciudad Real,344
2011,Segundo,Cuenca,146
2011,Segundo,Guadalajara,177
2011,Segundo,Toledo,378
2011,Segundo,Barcelona,3079
2011,Segundo,Girona,532
2011,Segundo,Lleida,245
2011,Segundo,Tarragona,617
2011,Segundo,Alicante/Alacant,1869
2011,Segundo,Castellón/Castelló,385
2011,Segundo,Valencia/València,2488
2011,Segundo,Badajoz,384
2011,Segundo,Cáceres,131
2011,Segundo,A Coruña,573
2011,Segundo,Lugo,139
2011,Segundo,Ourense,123
2011,Segundo,Pontevedra,515
2011,Segundo,Madrid,5443
2011,Segundo,Murcia,1546
2011,Segundo,Navarra,375
2011,Segundo,Araba/Álava,223
2011,Segundo,Gipuzkoa,313
2011,Segundo,Bizkaia,511
2011,Segundo,La Rioja,183
2011,Segundo,Ceuta,78
2011,Segundo,Melilla,90
2011,Tercero,Almería,530
2011,Tercero,Cádiz,924
2011,Tercero,Córdoba,272
2011,Tercero,Granada,896
2011,Tercero,Huelva,321
2011,Tercero,Jaén,385
2011,Tercero,Málaga,1702
2011,Tercero,Sevilla,2025
2011,Tercero,Huesca,86
2011,Tercero,Teruel,35
2011,Tercero,Zaragoza,792
2011,Tercero,Asturias,697
2011,Tercero,Illes Balears,1190
2011,Tercero,Las Palmas,1215
2011,Tercero,Santa Cruz de Tenerife,1025
2011,Tercero,Cantabria,313
2011,Tercero,Ávila,88
2011,Tercero,Burgos,176
2011,Tercero,León,216
2011,Tercero,Palencia,71
2011,Tercero,Salamanca,129
2011,Tercero,Segovia,66
2011,Tercero,Soria,29
2011,Tercero,Valladolid,400
2011,Tercero,Zamora,88
2011,Tercero,Albacete,265
2011,Tercero,Ciudad Real,324
2011,Tercero,Cuenca,147
2011,Tercero,Guadalajara,191
2011,Tercero,Toledo,349
2011,Tercero,Barcelona,3655
2011,Tercero,Girona,547
2011,Tercero,Lleida,261
2011,Tercero,Tarragona,737
2011,Tercero,Alicante/Alacant,2001
2011,Tercero,Castellón/Castelló,452
2011,Tercero,Valencia/València,2378
2011,Tercero,Badajoz,382
2011,Tercero,Cáceres,157
2011,Tercero,A Coruña,395
2011,Tercero,Lugo,139
2011,Tercero,Ourense,145
2011,Tercero,Pontevedra,620
2011,Tercero,Madrid,5324
2011,Tercero,Murcia,1575
2011,Tercero,Navarra,407
2011,Tercero,Araba/Álava,210
2011,Tercero,Gipuzkoa,280
2011,Tercero,Bizkaia,464
2011,Tercero,La Rioja,173
2011,Tercero,Ceuta,89
2011,Tercero,Melilla,84
2011,Cuarto,Almería,485
2011,Cuarto,Cádiz,828
2011,Cuarto,Córdoba,258
2011,Cuarto,Granada,689
2011,Cuarto,Huelva,343
2011,Cuarto,Jaén,320
2011,Cuarto,Málaga,1473
2011,Cuarto,Sevilla,1813
2011,Cuarto,Huesca,68
2011,Cuarto,Teruel,35
2011,Cuarto,Zaragoza,755
2011,Cuarto,Asturias,671
2011,Cuarto,Illes Balears,1124
2011,Cuarto,Las Palmas,1000
2011,Cuarto,Santa Cruz de Tenerife,725
2011,Cuarto,Cantabria,303
2011,Cuarto,Ávila,72
2011,Cuarto,Burgos,158
2011,Cuarto,León,201
2011,Cuarto,Palencia,62
2011,Cuarto,Salamanca,96
2011,Cuarto,Segovia,48
2011,Cuarto,Soria,27
2011,Cuarto,Valladolid,391
2011,Cuarto,Zamora,94
2011,Cuarto,Albacete,217
2011,Cuarto,Ciudad Real,187
2011,Cuarto,Cuenca,175
2011,Cuarto,Guadalajara,217
2011,Cuarto,Toledo,257
2011,Cuarto,Barcelona,3188
2011,Cuarto,Girona,507
2011,Cuarto,Lleida,197
2011,Cuarto,Tarragona,614
2011,Cuarto,Alicante/Alacant,1633
2011,Cuarto,Castellón/Castelló,412
2011,Cuarto,Valencia/València,2300
2011,Cuarto,Badajoz,334
2011,Cuarto,Cáceres,165
2011,Cuarto,A Coruña,402
2011,Cuarto,Lugo,123
2011,Cuarto,Ourense,114
2011,Cuarto,Pontevedra,502
2011,Cuarto,Madrid,5028
2011,Cuarto,Murcia,1311
2011,Cuarto,Navarra,323
2011,Cuarto,Araba/Álava,203
2011,Cuarto,Gipuzkoa,278
2011,Cuarto,Bizkaia,676
2011,Cuarto,La Rioja,177
2011,Cuarto,Ceuta,84
2011,Cuarto,Melilla,78
2012,Primero,Almería,505
2012,Primero,Cádiz,888
2012,Primero,Córdoba,197
2012,Primero,Granada,901
2012,Primero,Huelva,399
2012,Primero,Jaén,355
2012,Primero,Málaga,1492
2012,Primero,Sevilla,1476
2012,Primero,Huesca,75
2012,Primero,Teruel,30
2012,Primero,Zaragoza,723
2012,Primero,Asturias,605
2012,Primero,Illes Balears,1050
2012,Primero,Las Palmas,1081
2012,Primero,Santa Cruz de Tenerife,728
2012,Primero,Cantabria,271
2012,Primero,Ávila,85
2012,Primero,Burgos,140
2012,Primero,León,201
2012,Primero,Palencia,61
2012,Primero,Salamanca,102
2012,Primero,Segovia,66
2012,Primero,Soria,29
2012,Primero,Valladolid,325
2012,Primero,Zamora,71
2012,Primero,Albacete,187
2012,Primero,Ciudad Real,322
2012,Primero,Cuenca,103
2012,Primero,Guadalajara,136
2012,Primero,Toledo,319
2012,Primero,Barcelona,2924
2012,Primero,Girona,576
2012,Primero,Lleida,224
2012,Primero,Tarragona,541
2012,Primero,Alicante/Alacant,1597
2012,Primero,Castellón/Castelló,426
2012,Primero,Valencia/València,2044
2012,Primero,Badajoz,282
2012,Primero,Cáceres,165
2012,Primero,A Coruña,346
2012,Primero,Lugo,131
2012,Primero,Ourense,119
2012,Primero,Pontevedra,586
2012,Primero,Madrid,5237
2012,Primero,Murcia,1161
2012,Primero,Navarra,327
2012,Primero,Araba/Álava,177
2012,Primero,Gipuzkoa,259
2012,Primero,Bizkaia,486
2012,Primero,La Rioja,187
2012,Primero,Ceuta,105
2012,Primero,Melilla,72
2012,Segundo,Almería,590
2012,Segundo,Cádiz,772
2012,Segundo,Córdoba,227
2012,Segundo,Granada,808
2012,Segundo,Huelva,378
2012,Segundo,Jaén,354
2012,Segundo,Málaga,1620
2012,Segundo,Sevilla,1772
2012,Segundo,Huesca,72
2012,Segundo,Teruel,29
2012,Segundo,Zaragoza,697
2012,Segundo,Asturias,564
2012,Segundo,Illes Balears,1249
2012,Segundo,Las Palmas,1055
2012,Segundo,Santa Cruz de Tenerife,815
2012,Segundo,Cantabria,296
2012,Segundo,Ávila,73
2012,Segundo,Burgos,162
2012,Segundo,León,201
2012,Segundo,Palencia,56
2012,Segundo,Salamanca,113
2012,Segundo,Segovia,54
2012,Segundo,Soria,25
2012,Segundo,Valladolid,327
2012,Segundo,Zamora,75
2012,Segundo,Albacete,153
2012,Segundo,Ciudad Real,302
2012,Segundo,Cuenca,120
2012,Segundo,Guadalajara,198
2012,Segundo,Toledo,341
2012,Segundo,Barcelona,3095
2012,Segundo,Girona,538
2012,Segundo,Lleida,249
2012,Segundo,Tarragona,690
2012,Segundo,Alicante/Alacant,1950
2012,Segundo,Castellón/Castelló,420
2012,Segundo,Valencia/València,2369
2012,Segundo,Badajoz,346
2012,Segundo,Cáceres,152
2012,Segundo,A Coruña,395
2012,Segundo,Lugo,140
2012,Segundo,Ourense,101
2012,Segundo,Pontevedra,534
2012,Segundo,Madrid,5409
2012,Segundo,Murcia,1213
2012,Segundo,Navarra,333
2012,Segundo,Araba/Álava,130
2012,Segundo,Gipuzkoa,222
2012,Segundo,Bizkaia,591
2012,Segundo,La Rioja,174
2012,Segundo,Ceuta,90
2012,Segundo,Melilla,65
2012,Tercero,Almería,559
2012,Tercero,Cádiz,876
2012,Tercero,Córdoba,391
2012,Tercero,Granada,885
2012,Tercero,Huelva,421
2012,Tercero,Jaén,364
2012,Tercero,Málaga,1621
2012,Tercero,Sevilla,1783
2012,Tercero,Huesca,87
2012,Tercero,Teruel,29
2012,Tercero,Zaragoza,671
2012,Tercero,Asturias,634
2012,Tercero,Illes Balears,1344
2012,Tercero,Las Palmas,1077
2012,Tercero,Santa Cruz de Tenerife,1107
2012,Tercero,Cantabria,265
2012,Tercero,Ávila,99
2012,Tercero,Burgos,173
2012,Tercero,León,178
2012,Tercero,Palencia,71
2012,Tercero,Salamanca,98
2012,Tercero,Segovia,53
2012,Tercero,Soria,22
2012,Tercero,Valladolid,254
2012,Tercero,Zamora,77
2012,Tercero,Albacete,198
2012,Tercero,Ciudad Real,250
2012,Tercero,Cuenca,196
2012,Tercero,Guadalajara,186
2012,Tercero,Toledo,359
2012,Tercero,Barcelona,3372
2012,Tercero,Girona,541
2012,Tercero,Lleida,264
2012,Tercero,Tarragona,576
2012,Tercero,Alicante/Alacant,1939
2012,Tercero,Castellón/Castelló,449
2012,Tercero,Valencia/València,2266
2012,Tercero,Badajoz,383
2012,Tercero,Cáceres,141
2012,Tercero,A Coruña,474
2012,Tercero,Lugo,116
2012,Tercero,Ourense,123
2012,Tercero,Pontevedra,602
2012,Tercero,Madrid,5187
2012,Tercero,Murcia,1307
2012,Tercero,Navarra,380
2012,Tercero,Araba/Álava,226
2012,Tercero,Gipuzkoa,240
2012,Tercero,Bizkaia,582
2012,Tercero,La Rioja,176
2012,Tercero,Ceuta,74
2012,Tercero,Melilla,68
2012,Cuarto,Almería,469
2012,Cuarto,Cádiz,926
2012,Cuarto,Córdoba,359
2012,Cuarto,Granada,853
2012,Cuarto,Huelva,423
2012,Cuarto,Jaén,388
2012,Cuarto,Málaga,1589
2012,Cuarto,Sevilla,1550
2012,Cuarto,Huesca,74
2012,Cuarto,Teruel,39
2012,Cuarto,Zaragoza,702
2012,Cuarto,Asturias,628
2012,Cuarto,Illes Balears,1096
2012,Cuarto,Las Palmas,1017
2012,Cuarto,Santa Cruz de Tenerife,821
2012,Cuarto,Cantabria,274
2012,Cuarto,Ávila,59
2012,Cuarto,Burgos,149
2012,Cuarto,León,125
2012,Cuarto,Palencia,62
2012,Cuarto,Salamanca,106
2012,Cuarto,Segovia,73
2012,Cuarto,Soria,37
2012,Cuarto,Valladolid,249
2012,Cuarto,Zamora,81
2012,Cuarto,Albacete,166
2012,Cuarto,Ciudad Real,264
2012,Cuarto,Cuenca,73
2012,Cuarto,Guadalajara,195
2012,Cuarto,Toledo,243
2012,Cuarto,Barcelona,2921
2012,Cuarto,Girona,480
2012,Cuarto,Lleida,244
2012,Cuarto,Tarragona,542
2012,Cuarto,Alicante/Alacant,1760
2012,Cuarto,Castellón/Castelló,435
2012,Cuarto,Valencia/València,2175
2012,Cuarto,Badajoz,332
2012,Cuarto,Cáceres,166
2012,Cuarto,A Coruña,418
2012,Cuarto,Lugo,92
2012,Cuarto,Ourense,123
2012,Cuarto,Pontevedra,488
2012,Cuarto,Madrid,5102
2012,Cuarto,Murcia,1115
2012,Cuarto,Navarra,293
2012,Cuarto,Araba/Álava,201
2012,Cuarto,Gipuzkoa,254
2012,Cuarto,Bizkaia,485
2012,Cuarto,La Rioja,164
2012,Cuarto,Ceuta,72
2012,Cuarto,Melilla,112
2013,Primero,Almería,382
2013,Primero,Cádiz,896
2013,Primero,Córdoba,421
2013,Primero,Granada,813
2013,Primero,Huelva,304
2013,Primero,Jaén,375
2013,Primero,Málaga,1373
2013,Primero,Sevilla,1542
2013,Primero,Huesca,79
2013,Primero,Teruel,30
2013,Primero,Zaragoza,568
2013,Primero,Asturias,641
2013,Primero,Illes Balears,911
2013,Primero,Las Palmas,944
2013,Primero,Santa Cruz de Tenerife,783
2013,Primero,Cantabria,285
2013,Primero,Ávila,55
2013,Primero,Burgos,165
2013,Primero,León,167
2013,Primero,Palencia,71
2013,Primero,Salamanca,106
2013,Primero,Segovia,51
2013,Primero,Soria,23
2013,Primero,Valladolid,239
2013,Primero,Zamora,77
2013,Primero,Albacete,168
2013,Primero,Ciudad Real,300
2013,Primero,Cuenca,90
2013,Primero,Guadalajara,156
2013,Primero,Toledo,287
2013,Primero,Barcelona,2870
2013,Primero,Girona,434
2013,Primero,Lleida,215
2013,Primero,Tarragona,528
2013,Primero,Alicante/Alacant,1623
2013,Primero,Castellón/Castelló,386
2013,Primero,Valencia/València,2088
2013,Primero,Badajoz,305
2013,Primero,Cáceres,141
2013,Primero,A Coruña,428
2013,Primero,Lugo,112
2013,Primero,Ourense,119
2013,Primero,Pontevedra,583
2013,Primero,Madrid,4722
2013,Primero,Murcia,1142
2013,Primero,Navarra,281
2013,Primero,Araba/Álava,173
2013,Primero,Gipuzkoa,204
2013,Primero,Bizkaia,522
2013,Primero,La Rioja,152
2013,Primero,Ceuta,80
2013,Primero,Melilla,77
2013,Segundo,Almería,622
2013,Segundo,Cádiz,972
2013,Segundo,Córdoba,429
2013,Segundo,Granada,883
2013,Segundo,Huelva,435
2013,Segundo,Jaén,361
2013,Segundo,Málaga,1563
2013,Segundo,Sevilla,1631
2013,Segundo,Huesca,72
2013,Segundo,Teruel,34
2013,Segundo,Zaragoza,650
2013,Segundo,Asturias,633
2013,Segundo,Illes Balears,1040
2013,Segundo,Las Palmas,941
2013,Segundo,Santa Cruz de Tenerife,857
2013,Segundo,Cantabria,264
2013,Segundo,Ávila,71
2013,Segundo,Burgos,144
2013,Segundo,León,207
2013,Segundo,Palencia,75
2013,Segundo,Salamanca,32
2013,Segundo,Segovia,37
2013,Segundo,Soria,28
2013,Segundo,Valladolid,256
2013,Segundo,Zamora,53
2013,Segundo,Albacete,195
2013,Segundo,Ciudad Real,267
2013,Segundo,Cuenca,117
2013,Segundo,Guadalajara,227
2013,Segundo,Toledo,340
2013,Segundo,Barcelona,3056
2013,Segundo,Girona,489
2013,Segundo,Lleida,217
2013,Segundo,Tarragona,540
2013,Segundo,Alicante/Alacant,1623
2013,Segundo,Castellón/Castelló,423
2013,Segundo,Valencia/València,2267
2013,Segundo,Badajoz,310
2013,Segundo,Cáceres,173
2013,Segundo,A Coruña,457
2013,Segundo,Lugo,138
2013,Segundo,Ourense,113
2013,Segundo,Pontevedra,602
2013,Segundo,Madrid,4964
2013,Segundo,Murcia,1063
2013,Segundo,Navarra,308
2013,Segundo,Araba/Álava,189
2013,Segundo,Gipuzkoa,266
2013,Segundo,Bizkaia,549
2013,Segundo,La Rioja,149
2013,Segundo,Ceuta,84
2013,Segundo,Melilla,78
2013,Tercero,Almería,541
2013,Tercero,Cádiz,969
2013,Tercero,Córdoba,448
2013,Tercero,Granada,854
2013,Tercero,Huelva,490
2013,Tercero,Jaén,369
2013,Tercero,Málaga,1914
2013,Tercero,Sevilla,1636
2013,Tercero,Huesca,90
2013,Tercero,Teruel,30
2013,Tercero,Zaragoza,689
2013,Tercero,Asturias,614
2013,Tercero,Illes Balears,1319
2013,Tercero,Las Palmas,1025
2013,Tercero,Santa Cruz de Tenerife,750
2013,Tercero,Cantabria,310
2013,Tercero,Ávila,50
2013,Tercero,Burgos,151
2013,Tercero,León,234
2013,Tercero,Palencia,88
2013,Tercero,Salamanca,108
2013,Tercero,Segovia,77
2013,Tercero,Soria,30
2013,Tercero,Valladolid,365
2013,Tercero,Zamora,63
2013,Tercero,Albacete,221
2013,Tercero,Ciudad Real,293
2013,Tercero,Cuenca,114
2013,Tercero,Guadalajara,172
2013,Tercero,Toledo,382
2013,Tercero,Barcelona,3140
2013,Tercero,Girona,465
2013,Tercero,Lleida,235
2013,Tercero,Tarragona,614
2013,Tercero,Alicante/Alacant,1719
2013,Tercero,Castellón/Castelló,421
2013,Tercero,Valencia/València,2379
2013,Tercero,Badajoz,367
2013,Tercero,Cáceres,184
2013,Tercero,A Coruña,485
2013,Tercero,Lugo,135
2013,Tercero,Ourense,136
2013,Tercero,Pontevedra,623
2013,Tercero,Madrid,4988
2013,Tercero,Murcia,1146
2013,Tercero,Navarra,311
2013,Tercero,Araba/Álava,208
2013,Tercero,Gipuzkoa,276
2013,Tercero,Bizkaia,568
2013,Tercero,La Rioja,135
2013,Tercero,Ceuta,47
2013,Tercero,Melilla,72
2013,Cuarto,Almería,534
2013,Cuarto,Cádiz,896
2013,Cuarto,Córdoba,329
2013,Cuarto,Granada,743
2013,Cuarto,Huelva,411
2013,Cuarto,Jaén,367
2013,Cuarto,Málaga,1359
2013,Cuarto,Sevilla,1614
2013,Cuarto,Huesca,71
2013,Cuarto,Teruel,36
2013,Cuarto,Zaragoza,725
2013,Cuarto,Asturias,550
2013,Cuarto,Illes Balears,1102
2013,Cuarto,Las Palmas,1048
2013,Cuarto,Santa Cruz de Tenerife,763
2013,Cuarto,Cantabria,278
2013,Cuarto,Ávila,57
2013,Cuarto,Burgos,127
2013,Cuarto,León,214
2013,Cuarto,Palencia,96
2013,Cuarto,Salamanca,66
2013,Cuarto,Segovia,51
2013,Cuarto,Soria,23
2013,Cuarto,Valladolid,442
2013,Cuarto,Zamora,54
2013,Cuarto,Albacete,226
2013,Cuarto,Ciudad Real,270
2013,Cuarto,Cuenca,100
2013,Cuarto,Guadalajara,144
2013,Cuarto,Toledo,290
2013,Cuarto,Barcelona,3032
2013,Cuarto,Girona,495
2013,Cuarto,Lleida,229
2013,Cuarto,Tarragona,590
2013,Cuarto,Alicante/Alacant,1535
2013,Cuarto,Castellón/Castelló,420
2013,Cuarto,Valencia/València,2186
2013,Cuarto,Badajoz,305
2013,Cuarto,Cáceres,149
2013,Cuarto,A Coruña,402
2013,Cuarto,Lugo,147
2013,Cuarto,Ourense,126
2013,Cuarto,Pontevedra,568
2013,Cuarto,Madrid,4832
2013,Cuarto,Murcia,1305
2013,Cuarto,Navarra,319
2013,Cuarto,Araba/Álava,181
2013,Cuarto,Gipuzkoa,218
2013,Cuarto,Bizkaia,583
2013,Cuarto,La Rioja,112
2013,Cuarto,Ceuta,58
2013,Cuarto,Melilla,84
2014,Primero,Almería,502
2014,Primero,Cádiz,864
2014,Primero,Córdoba,390
2014,Primero,Granada,880
2014,Primero,Huelva,394
2014,Primero,Jaén,433
2014,Primero,Málaga,1364
2014,Primero,Sevilla,1568
2014,Primero,Huesca,85
2014,Primero,Teruel,38
2014,Primero,Zaragoza,695
2014,Primero,Asturias,674
2014,Primero,Illes Balears,1008
2014,Primero,Las Palmas,932
2014,Primero,Santa Cruz de Tenerife,745
2014,Primero,Cantabria,268
2014,Primero,Ávila,69
2014,Primero,Burgos,151
2014,Primero,León,234
2014,Primero,Palencia,76
2014,Primero,Salamanca,83
2014,Primero,Segovia,47
2014,Primero,Soria,33
2014,Primero,Valladolid,508
2014,Primero,Zamora,75
2014,Primero,Albacete,200
2014,Primero,Ciudad Real,294
2014,Primero,Cuenca,98
2014,Primero,Guadalajara,85
2014,Primero,Toledo,304
2014,Primero,Barcelona,2894
2014,Primero,Girona,423
2014,Primero,Lleida,216
2014,Primero,Tarragona,569
2014,Primero,Alicante/Alacant,1548
2014,Primero,Castellón/Castelló,329
2014,Primero,Valencia/València,2255
2014,Primero,Badajoz,312
2014,Primero,Cáceres,152
2014,Primero,A Coruña,454
2014,Primero,Lugo,140
2014,Primero,Ourense,109
2014,Primero,Pontevedra,502
2014,Primero,Madrid,4730
2014,Primero,Murcia,1060
2014,Primero,Navarra,368
2014,Primero,Araba/Álava,155
2014,Primero,Gipuzkoa,243
2014,Primero,Bizkaia,575
2014,Primero,La Rioja,138
2014,Primero,Ceuta,57
2014,Primero,Melilla,85
2014,Segundo,Almería,552
2014,Segundo,Cádiz,1017
2014,Segundo,Córdoba,383
2014,Segundo,Granada,857
2014,Segundo,Huelva,391
2014,Segundo,Jaén,441
2014,Segundo,Málaga,1386
2014,Segundo,Sevilla,1640
2014,Segundo,Huesca,65
2014,Segundo,Teruel,35
2014,Segundo,Zaragoza,713
2014,Segundo,Asturias,634
2014,Segundo,Illes Balears,1212
2014,Segundo,Las Palmas,922
2014,Segundo,Santa Cruz de Tenerife,755
2014,Segundo,Cantabria,336
2014,Segundo,Ávila,57
2014,Segundo,Burgos,178
2014,Segundo,León,219
2014,Segundo,Palencia,39
2014,Segundo,Salamanca,99
2014,Segundo,Segovia,80
2014,Segundo,Soria,36
2014,Segundo,Valladolid,471
2014,Segundo,Zamora,71
2014,Segundo,Albacete,206
2014,Segundo,Ciudad Real,218
2014,Segundo,Cuenca,83
2014,Segundo,Guadalajara,146
2014,Segundo,Toledo,306
2014,Segundo,Barcelona,3117
2014,Segundo,Girona,439
2014,Segundo,Lleida,201
2014,Segundo,Tarragona,589
2014,Segundo,Alicante/Alacant,1656
2014,Segundo,Castellón/Castelló,419
2014,Segundo,Valencia/València,2128
2014,Segundo,Badajoz,299
2014,Segundo,Cáceres,181
2014,Segundo,A Coruña,463
2014,Segundo,Lugo,165
2014,Segundo,Ourense,140
2014,Segundo,Pontevedra,596
2014,Segundo,Madrid,4739
2014,Segundo,Murcia,1322
2014,Segundo,Navarra,311
2014,Segundo,Araba/Álava,163
2014,Segundo,Gipuzkoa,290
2014,Segundo,Bizkaia,591
2014,Segundo,La Rioja,173
2014,Segundo,Ceuta,89
2014,Segundo,Melilla,80
2014,Tercero,Almería,521
2014,Tercero,Cádiz,951
2014,Tercero,Córdoba,475
2014,Tercero,Granada,885
2014,Tercero,Huelva,431
2014,Tercero,Jaén,398
2014,Tercero,Málaga,1674
2014,Tercero,Sevilla,1832
2014,Tercero,Huesca,91
2014,Tercero,Teruel,40
2014,Tercero,Zaragoza,718
2014,Tercero,Asturias,568
2014,Tercero,Illes Balears,1350
2014,Tercero,Las Palmas,1069
2014,Tercero,Santa Cruz de Tenerife,797
2014,Tercero,Cantabria,347
2014,Tercero,Ávila,76
2014,Tercero,Burgos,167
2014,Tercero,León,205
2014,Tercero,Palencia,29
2014,Tercero,Salamanca,82
2014,Tercero,Segovia,46
2014,Tercero,Soria,35
2014,Tercero,Valladolid,563
2014,Tercero,Zamora,90
2014,Tercero,Albacete,213
2014,Tercero,Ciudad Real,341
2014,Tercero,Cuenca,69
2014,Tercero,Guadalajara,150
2014,Tercero,Toledo,376
2014,Tercero,Barcelona,3183
2014,Tercero,Girona,505
2014,Tercero,Lleida,258
2014,Tercero,Tarragona,640
2014,Tercero,Alicante/Alacant,1685
2014,Tercero,Castellón/Castelló,410
2014,Tercero,Valencia/València,2285
2014,Tercero,Badajoz,344
2014,Tercero,Cáceres,153
2014,Tercero,A Coruña,504
2014,Tercero,Lugo,113
2014,Tercero,Ourense,125
2014,Tercero,Pontevedra,582
2014,Tercero,Madrid,4933
2014,Tercero,Murcia,1259
2014,Tercero,Navarra,371
2014,Tercero,Araba/Álava,186
2014,Tercero,Gipuzkoa,310
2014,Tercero,Bizkaia,536
2014,Tercero,La Rioja,106
2014,Tercero,Ceuta,60
2014,Tercero,Melilla,64
2014,Cuarto,Almería,509
2014,Cuarto,Cádiz,974
2014,Cuarto,Córdoba,405
2014,Cuarto,Granada,825
2014,Cuarto,Huelva,384
2014,Cuarto,Jaén,433
2014,Cuarto,Málaga,1499
2014,Cuarto,Sevilla,1652
2014,Cuarto,Huesca,52
2014,Cuarto,Teruel,44
2014,Cuarto,Zaragoza,665
2014,Cuarto,Asturias,610
2014,Cuarto,Illes Balears,1117
2014,Cuarto,Las Palmas,922
2014,Cuarto,Santa Cruz de Tenerife,794
2014,Cuarto,Cantabria,279
2014,Cuarto,Ávila,72
2014,Cuarto,Burgos,184
2014,Cuarto,León,262
2014,Cuarto,Palencia,37
2014,Cuarto,Salamanca,78
2014,Cuarto,Segovia,43
2014,Cuarto,Soria,38
2014,Cuarto,Valladolid,520
2014,Cuarto,Zamora,79
2014,Cuarto,Albacete,189
2014,Cuarto,Ciudad Real,296
2014,Cuarto,Cuenca,111
2014,Cuarto,Guadalajara,179
2014,Cuarto,Toledo,419
2014,Cuarto,Barcelona,3189
2014,Cuarto,Girona,427
2014,Cuarto,Lleida,222
2014,Cuarto,Tarragona,470
2014,Cuarto,Alicante/Alacant,1466
2014,Cuarto,Castellón/Castelló,353
2014,Cuarto,Valencia/València,2101
2014,Cuarto,Badajoz,347
2014,Cuarto,Cáceres,145
2014,Cuarto,A Coruña,507
2014,Cuarto,Lugo,127
2014,Cuarto,Ourense,132
2014,Cuarto,Pontevedra,550
2014,Cuarto,Madrid,4868
2014,Cuarto,Murcia,1398
2014,Cuarto,Navarra,278
2014,Cuarto,Araba/Álava,159
2014,Cuarto,Gipuzkoa,241
2014,Cuarto,Bizkaia,541
2014,Cuarto,La Rioja,132
2014,Cuarto,Ceuta,33
2014,Cuarto,Melilla,74
2015,Primero,Almería,540
2015,Primero,Cádiz,972
2015,Primero,Córdoba,368
2015,Primero,Granada,773
2015,Primero,Huelva,373
2015,Primero,Jaén,368
2015,Primero,Málaga,1521
2015,Primero,Sevilla,1888
2015,Primero,Huesca,87
2015,Primero,Teruel,32
2015,Primero,Zaragoza,649
2015,Primero,Asturias,565
2015,Primero,Illes Balears,1106
2015,Primero,Las Palmas,891
2015,Primero,Santa Cruz de Tenerife,779
2015,Primero,Cantabria,252
2015,Primero,Ávila,56
2015,Primero,Burgos,147
2015,Primero,León,214
2015,Primero,Palencia,40
2015,Primero,Salamanca,80
2015,Primero,Segovia,47
2015,Primero,Soria,34
2015,Primero,Valladolid,327
2015,Primero,Zamora,75
2015,Primero,Albacete,201
2015,Primero,Ciudad Real,240
2015,Primero,Cuenca,109
2015,Primero,Guadalajara,174
2015,Primero,Toledo,346
2015,Primero,Barcelona,3100
2015,Primero,Girona,417
2015,Primero,Lleida,189
2015,Primero,Tarragona,505
2015,Primero,Alicante/Alacant,1579
2015,Primero,Castellón/Castelló,357
2015,Primero,Valencia/València,2060
2015,Primero,Badajoz,418
2015,Primero,Cáceres,155
2015,Primero,A Coruña,549
2015,Primero,Lugo,116
2015,Primero,Ourense,112
2015,Primero,Pontevedra,518
2015,Primero,Madrid,4284
2015,Primero,Murcia,1098
2015,Primero,Navarra,339
2015,Primero,Araba/Álava,191
2015,Primero,Gipuzkoa,275
2015,Primero,Bizkaia,572
2015,Primero,La Rioja,131
2015,Primero,Ceuta,27
2015,Primero,Melilla,47
2015,Segundo,Almería,516
2015,Segundo,Cádiz,908
2015,Segundo,Córdoba,421
2015,Segundo,Granada,895
2015,Segundo,Huelva,418
2015,Segundo,Jaén,328
2015,Segundo,Málaga,1548
2015,Segundo,Sevilla,1624
2015,Segundo,Huesca,60
2015,Segundo,Teruel,43
2015,Segundo,Zaragoza,724
2015,Segundo,Asturias,572
2015,Segundo,Illes Balears,1168
2015,Segundo,Las Palmas,1018
2015,Segundo,Santa Cruz de Tenerife,833
2015,Segundo,Cantabria,321
2015,Segundo,Ávila,69
2015,Segundo,Burgos,146
2015,Segundo,León,246
2015,Segundo,Palencia,52
2015,Segundo,Salamanca,71
2015,Segundo,Segovia,64
2015,Segundo,Soria,24
2015,Segundo,Valladolid,478
2015,Segundo,Zamora,60
2015,Segundo,Albacete,195
2015,Segundo,Ciudad Real,237
2015,Segundo,Cuenca,113
2015,Segundo,Guadalajara,195
2015,Segundo,Toledo,373
2015,Segundo,Barcelona,3291
2015,Segundo,Girona,482
2015,Segundo,Lleida,199
2015,Segundo,Tarragona,576
2015,Segundo,Alicante/Alacant,1581
2015,Segundo,Castellón/Castelló,390
2015,Segundo,Valencia/València,2335
2015,Segundo,Badajoz,425
2015,Segundo,Cáceres,159
2015,Segundo,A Coruña,429
2015,Segundo,Lugo,160
2015,Segundo,Ourense,137
2015,Segundo,Pontevedra,586
2015,Segundo,Madrid,4749
2015,Segundo,Murcia,1222
2015,Segundo,Navarra,274
2015,Segundo,Araba/Álava,179
2015,Segundo,Gipuzkoa,295
2015,Segundo,Bizkaia,574
2015,Segundo,La Rioja,138
2015,Segundo,Ceuta,45
2015,Segundo,Melilla,77
2015,Tercero,Almería,713
2015,Tercero,Cádiz,986
2015,Tercero,Córdoba,396
2015,Tercero,Granada,914
2015,Tercero,Huelva,413
2015,Tercero,Jaén,421
2015,Tercero,Málaga,1514
2015,Tercero,Sevilla,1860
2015,Tercero,Huesca,76
2015,Tercero,Teruel,37
2015,Tercero,Zaragoza,391
2015,Tercero,Asturias,599
2015,Tercero,Illes Balears,1377
2015,Tercero,Las Palmas,1042
2015,Tercero,Santa Cruz de Tenerife,1048
2015,Tercero,Cantabria,334
2015,Tercero,Ávila,84
2015,Tercero,Burgos,168
2015,Tercero,León,281
2015,Tercero,Palencia,48
2015,Tercero,Salamanca,65
2015,Tercero,Segovia,63
2015,Tercero,Soria,25
2015,Tercero,Valladolid,474
2015,Tercero,Zamora,102
2015,Tercero,Albacete,205
2015,Tercero,Ciudad Real,351
2015,Tercero,Cuenca,130
2015,Tercero,Guadalajara,169
2015,Tercero,Toledo,444
2015,Tercero,Barcelona,3618
2015,Tercero,Girona,549
2015,Tercero,Lleida,256
2015,Tercero,Tarragona,559
2015,Tercero,Alicante/Alacant,1769
2015,Tercero,Castellón/Castelló,411
2015,Tercero,Valencia/València,2214
2015,Tercero,Badajoz,382
2015,Tercero,Cáceres,267
2015,Tercero,A Coruña,495
2015,Tercero,Lugo,137
2015,Tercero,Ourense,139
2015,Tercero,Pontevedra,578
2015,Tercero,Madrid,4709
2015,Tercero,Murcia,1310
2015,Tercero,Navarra,299
2015,Tercero,Araba/Álava,234
2015,Tercero,Gipuzkoa,267
2015,Tercero,Bizkaia,519
2015,Tercero,La Rioja,158
2015,Tercero,Ceuta,37
2015,Tercero,Melilla,68
2015,Cuarto,Almería,537
2015,Cuarto,Cádiz,900
2015,Cuarto,Córdoba,453
2015,Cuarto,Granada,904
2015,Cuarto,Huelva,412
2015,Cuarto,Jaén,365
2015,Cuarto,Málaga,1594
2015,Cuarto,Sevilla,1739
2015,Cuarto,Huesca,80
2015,Cuarto,Teruel,31
2015,Cuarto,Zaragoza,425
2015,Cuarto,Asturias,623
2015,Cuarto,Illes Balears,1007
2015,Cuarto,Las Palmas,1043
2015,Cuarto,Santa Cruz de Tenerife,1104
2015,Cuarto,Cantabria,420
2015,Cuarto,Ávila,74
2015,Cuarto,Burgos,160
2015,Cuarto,León,243
2015,Cuarto,Palencia,64
2015,Cuarto,Salamanca,68
2015,Cuarto,Segovia,50
2015,Cuarto,Soria,35
2015,Cuarto,Valladolid,310
2015,Cuarto,Zamora,100
2015,Cuarto,Albacete,196
2015,Cuarto,Ciudad Real,366
2015,Cuarto,Cuenca,85
2015,Cuarto,Guadalajara,131
2015,Cuarto,Toledo,374
2015,Cuarto,Barcelona,3448
2015,Cuarto,Girona,535
2015,Cuarto,Lleida,260
2015,Cuarto,Tarragona,530
2015,Cuarto,Alicante/Alacant,1831
2015,Cuarto,Castellón/Castelló,367
2015,Cuarto,Valencia/València,2500
2015,Cuarto,Badajoz,380
2015,Cuarto,Cáceres,250
2015,Cuarto,A Coruña,452
2015,Cuarto,Lugo,122
2015,Cuarto,Ourense,117
2015,Cuarto,Pontevedra,563
2015,Cuarto,Madrid,4785
2015,Cuarto,Murcia,1404
2015,Cuarto,Navarra,279
2015,Cuarto,Araba/Álava,222
2015,Cuarto,Gipuzkoa,303
2015,Cuarto,Bizkaia,601
2015,Cuarto,La Rioja,189
2015,Cuarto,Ceuta,42
2015,Cuarto,Melilla,99
2016,Primero,Almería,663
2016,Primero,Cádiz,956
2016,Primero,Córdoba,356
2016,Primero,Granada,975
2016,Primero,Huelva,440
2016,Primero,Jaén,374
2016,Primero,Málaga,1580
2016,Primero,Sevilla,1683
2016,Primero,Huesca,65
2016,Primero,Teruel,41
2016,Primero,Zaragoza,508
2016,Primero,Asturias,645
2016,Primero,Illes Balears,1105
2016,Primero,Las Palmas,1228
2016,Primero,Santa Cruz de Tenerife,1195
2016,Primero,Cantabria,325
2016,Primero,Ávila,60
2016,Primero,Burgos,170
2016,Primero,León,206
2016,Primero,Palencia,65
2016,Primero,Salamanca,75
2016,Primero,Segovia,42
2016,Primero,Soria,25
2016,Primero,Valladolid,318
2016,Primero,Zamora,81
2016,Primero,Albacete,177
2016,Primero,Ciudad Real,411
2016,Primero,Cuenca,87
2016,Primero,Guadalajara,199
2016,Primero,Toledo,276
2016,Primero,Barcelona,3463
2016,Primero,Girona,520
2016,Primero,Lleida,292
2016,Primero,Tarragona,448
2016,Primero,Alicante/Alacant,1538
2016,Primero,Castellón/Castelló,385
2016,Primero,Valencia/València,2424
2016,Primero,Badajoz,360
2016,Primero,Cáceres,252
2016,Primero,A Coruña,546
2016,Primero,Lugo,135
2016,Primero,Ourense,144
2016,Primero,Pontevedra,530
2016,Primero,Madrid,5150
2016,Primero,Murcia,1522
2016,Primero,Navarra,364
2016,Primero,Araba/Álava,221
2016,Primero,Gipuzkoa,297
2016,Primero,Bizkaia,715
2016,Primero,La Rioja,166
2016,Primero,Ceuta,47
2016,Primero,Melilla,67
2016,Segundo,Almería,706
2016,Segundo,Cádiz,918
2016,Segundo,Córdoba,431
2016,Segundo,Granada,1007
2016,Segundo,Huelva,516
2016,Segundo,Jaén,417
2016,Segundo,Málaga,1483
2016,Segundo,Sevilla,1976
2016,Segundo,Huesca,75
2016,Segundo,Teruel,42
2016,Segundo,Zaragoza,702
2016,Segundo,Asturias,674
2016,Segundo,Illes Balears,1209
2016,Segundo,Las Palmas,1196
2016,Segundo,Santa Cruz de Tenerife,1226
2016,Segundo,Cantabria,395
2016,Segundo,Ávila,62
2016,Segundo,Burgos,169
2016,Segundo,León,254
2016,Segundo,Palencia,56
2016,Segundo,Salamanca,68
2016,Segundo,Segovia,55
2016,Segundo,Soria,26
2016,Segundo,Valladolid,358
2016,Segundo,Zamora,89
2016,Segundo,Albacete,211
2016,Segundo,Ciudad Real,423
2016,Segundo,Cuenca,119
2016,Segundo,Guadalajara,172
2016,Segundo,Toledo,262
2016,Segundo,Barcelona,3627
2016,Segundo,Girona,509
2016,Segundo,Lleida,249
2016,Segundo,Tarragona,494
2016,Segundo,Alicante/Alacant,1997
2016,Segundo,Castellón/Castelló,428
2016,Segundo,Valencia/València,2599
2016,Segundo,Badajoz,453
2016,Segundo,Cáceres,210
2016,Segundo,A Coruña,498
2016,Segundo,Lugo,196
2016,Segundo,Ourense,124
2016,Segundo,Pontevedra,571
2016,Segundo,Madrid,5537
2016,Segundo,Murcia,1610
2016,Segundo,Navarra,339
2016,Segundo,Araba/Álava,255
2016,Segundo,Gipuzkoa,324
2016,Segundo,Bizkaia,674
2016,Segundo,La Rioja,178
2016,Segundo,Ceuta,50
2016,Segundo,Melilla,100
2016,Tercero,Almería,661
2016,Tercero,Cádiz,1015
2016,Tercero,Córdoba,358
2016,Tercero,Granada,991
2016,Tercero,Huelva,500
2016,Tercero,Jaén,475
2016,Tercero,Málaga,1914
2016,Tercero,Sevilla,1889
2016,Tercero,Huesca,89
2016,Tercero,Teruel,65
2016,Tercero,Zaragoza,746
2016,Tercero,Asturias,788
2016,Tercero,Illes Balears,1669
2016,Tercero,Las Palmas,1243
2016,Tercero,Santa Cruz de Tenerife,1290
2016,Tercero,Cantabria,425
2016,Tercero,Ávila,47
2016,Tercero,Burgos,221
2016,Tercero,León,308
2016,Tercero,Palencia,74
2016,Tercero,Salamanca,97
2016,Tercero,Segovia,69
2016,Tercero,Soria,16
2016,Tercero,Valladolid,365
2016,Tercero,Zamora,70
2016,Tercero,Albacete,228
2016,Tercero,Ciudad Real,446
2016,Tercero,Cuenca,102
2016,Tercero,Guadalajara,187
2016,Tercero,Toledo,377
2016,Tercero,Barcelona,3854
2016,Tercero,Girona,559
2016,Tercero,Lleida,274
2016,Tercero,Tarragona,574
2016,Tercero,Alicante/Alacant,2094
2016,Tercero,Castellón/Castelló,420
2016,Tercero,Valencia/València,2636
2016,Tercero,Badajoz,513
2016,Tercero,Cáceres,192
2016,Tercero,A Coruña,545
2016,Tercero,Lugo,190
2016,Tercero,Ourense,138
2016,Tercero,Pontevedra,558
2016,Tercero,Madrid,5645
2016,Tercero,Murcia,1550
2016,Tercero,Navarra,414
2016,Tercero,Araba/Álava,222
2016,Tercero,Gipuzkoa,361
2016,Tercero,Bizkaia,567
2016,Tercero,La Rioja,180
2016,Tercero,Ceuta,46
2016,Tercero,Melilla,145
2016,Cuarto,Almería,645
2016,Cuarto,Cádiz,852
2016,Cuarto,Córdoba,366
2016,Cuarto,Granada,910
2016,Cuarto,Huelva,476
2016,Cuarto,Jaén,432
2016,Cuarto,Málaga,1745
2016,Cuarto,Sevilla,1702
2016,Cuarto,Huesca,58
2016,Cuarto,Teruel,43
2016,Cuarto,Zaragoza,728
2016,Cuarto,Asturias,640
2016,Cuarto,Illes Balears,1285
2016,Cuarto,Las Palmas,1136
2016,Cuarto,Santa Cruz de Tenerife,890
2016,Cuarto,Cantabria,362
2016,Cuarto,Ávila,72
2016,Cuarto,Burgos,203
2016,Cuarto,León,242
2016,Cuarto,Palencia,61
2016,Cuarto,Salamanca,73
2016,Cuarto,Segovia,93
2016,Cuarto,Soria,41
2016,Cuarto,Valladolid,333
2016,Cuarto,Zamora,69
2016,Cuarto,Albacete,201
2016,Cuarto,Ciudad Real,379
2016,Cuarto,Cuenca,61
2016,Cuarto,Guadalajara,109
2016,Cuarto,Toledo,304
2016,Cuarto,Barcelona,3438
2016,Cuarto,Girona,461
2016,Cuarto,Lleida,233
2016,Cuarto,Tarragona,551
2016,Cuarto,Alicante/Alacant,1867
2016,Cuarto,Castellón/Castelló,399
2016,Cuarto,Valencia/València,2644
2016,Cuarto,Badajoz,429
2016,Cuarto,Cáceres,224
2016,Cuarto,A Coruña,604
2016,Cuarto,Lugo,170
2016,Cuarto,Ourense,183
2016,Cuarto,Pontevedra,551
2016,Cuarto,Madrid,5203
2016,Cuarto,Murcia,1620
2016,Cuarto,Navarra,385
2016,Cuarto,Araba/Álava,186
2016,Cuarto,Gipuzkoa,325
2016,Cuarto,Bizkaia,617
2016,Cuarto,La Rioja,166
2016,Cuarto,Ceuta,31
2016,Cuarto,Melilla,99
2017,Primero,Almería,705
2017,Primero,Cádiz,1009
2017,Primero,Córdoba,412
2017,Primero,Granada,975
2017,Primero,Huelva,557
2017,Primero,Jaén,444
2017,Primero,Málaga,2087
2017,Primero,Sevilla,2352
2017,Primero,Huesca,73
2017,Primero,Teruel,58
2017,Primero,Zaragoza,800
2017,Primero,Asturias,723
2017,Primero,Illes Balears,1200
2017,Primero,Las Palmas,1214
2017,Primero,Santa Cruz de Tenerife,955
2017,Primero,Cantabria,433
2017,Primero,Ávila,90
2017,Primero,Burgos,177
2017,Primero,León,258
2017,Primero,Palencia,106
2017,Primero,Salamanca,189
2017,Primero,Segovia,100
2017,Primero,Soria,26
2017,Primero,Valladolid,282
2017,Primero,Zamora,87
2017,Primero,Albacete,190
2017,Primero,Ciudad Real,366
2017,Primero,Cuenca,108
2017,Primero,Guadalajara,115
2017,Primero,Toledo,453
2017,Primero,Barcelona,3954
2017,Primero,Girona,534
2017,Primero,Lleida,318
2017,Primero,Tarragona,911
2017,Primero,Alicante/Alacant,2195
2017,Primero,Castellón/Castelló,456
2017,Primero,Valencia/València,2850
2017,Primero,Badajoz,430
2017,Primero,Cáceres,234
2017,Primero,A Coruña,648
2017,Primero,Lugo,152
2017,Primero,Ourense,156
2017,Primero,Pontevedra,618
2017,Primero,Madrid,6467
2017,Primero,Murcia,1744
2017,Primero,Navarra,450
2017,Primero,Araba/Álava,248
2017,Primero,Gipuzkoa,359
2017,Primero,Bizkaia,726
2017,Primero,La Rioja,160
2017,Primero,Ceuta,186
2017,Primero,Melilla,169
2017,Segundo,Almería,952
2017,Segundo,Cádiz,1093
2017,Segundo,Córdoba,448
2017,Segundo,Granada,1085
2017,Segundo,Huelva,626
2017,Segundo,Jaén,505
2017,Segundo,Málaga,2003
2017,Segundo,Sevilla,2361
2017,Segundo,Huesca,135
2017,Segundo,Teruel,57
2017,Segundo,Zaragoza,778
2017,Segundo,Asturias,666
2017,Segundo,Illes Balears,1390
2017,Segundo,Las Palmas,1173
2017,Segundo,Santa Cruz de Tenerife,965
2017,Segundo,Cantabria,469
2017,Segundo,Ávila,75
2017,Segundo,Burgos,233
2017,Segundo,León,279
2017,Segundo,Palencia,96
2017,Segundo,Salamanca,156
2017,Segundo,Segovia,76
2017,Segundo,Soria,43
2017,Segundo,Valladolid,343
2017,Segundo,Zamora,88
2017,Segundo,Albacete,192
2017,Segundo,Ciudad Real,380
2017,Segundo,Cuenca,76
2017,Segundo,Guadalajara,135
2017,Segundo,Toledo,507
2017,Segundo,Barcelona,4230
2017,Segundo,Girona,572
2017,Segundo,Lleida,256
2017,Segundo,Tarragona,867
2017,Segundo,Alicante/Alacant,2337
2017,Segundo,Castellón/Castelló,464
2017,Segundo,Valencia/València,2926
2017,Segundo,Badajoz,507
2017,Segundo,Cáceres,238
2017,Segundo,A Coruña,641
2017,Segundo,Lugo,288
2017,Segundo,Ourense,192
2017,Segundo,Pontevedra,659
2017,Segundo,Madrid,6872
2017,Segundo,Murcia,2006
2017,Segundo,Navarra,561
2017,Segundo,Araba/Álava,242
2017,Segundo,Gipuzkoa,320
2017,Segundo,Bizkaia,733
2017,Segundo,La Rioja,200
2017,Segundo,Ceuta,112
2017,Segundo,Melilla,81
2017,Tercero,Almería,846
2017,Tercero,Cádiz,990
2017,Tercero,Córdoba,479
2017,Tercero,Granada,1075
2017,Tercero,Huelva,648
2017,Tercero,Jaén,536
2017,Tercero,Málaga,1825
2017,Tercero,Sevilla,2154
2017,Tercero,Huesca,108
2017,Tercero,Teruel,47
2017,Tercero,Zaragoza,845
2017,Tercero,Asturias,624
2017,Tercero,Illes Balears,1531
2017,Tercero,Las Palmas,1360
2017,Tercero,Santa Cruz de Tenerife,1079
2017,Tercero,Cantabria,570
2017,Tercero,Ávila,80
2017,Tercero,Burgos,212
2017,Tercero,León,258
2017,Tercero,Palencia,106
2017,Tercero,Salamanca,166
2017,Tercero,Segovia,85
2017,Tercero,Soria,27
2017,Tercero,Valladolid,393
2017,Tercero,Zamora,79
2017,Tercero,Albacete,221
2017,Tercero,Ciudad Real,327
2017,Tercero,Cuenca,89
2017,Tercero,Guadalajara,149
2017,Tercero,Toledo,551
2017,Tercero,Barcelona,4141
2017,Tercero,Girona,552
2017,Tercero,Lleida,345
2017,Tercero,Tarragona,833
2017,Tercero,Alicante/Alacant,2471
2017,Tercero,Castellón/Castelló,479
2017,Tercero,Valencia/València,3021
2017,Tercero,Badajoz,495
2017,Tercero,Cáceres,231
2017,Tercero,A Coruña,583
2017,Tercero,Lugo,151
2017,Tercero,Ourense,195
2017,Tercero,Pontevedra,660
2017,Tercero,Madrid,6705
2017,Tercero,Murcia,2140
2017,Tercero,Navarra,422
2017,Tercero,Araba/Álava,240
2017,Tercero,Gipuzkoa,365
2017,Tercero,Bizkaia,765
2017,Tercero,La Rioja,199
2017,Tercero,Ceuta,58
2017,Tercero,Melilla,60
2017,Cuarto,Almería,796
2017,Cuarto,Cádiz,946
2017,Cuarto,Córdoba,464
2017,Cuarto,Granada,947
2017,Cuarto,Huelva,563
2017,Cuarto,Jaén,515
2017,Cuarto,Málaga,1939
2017,Cuarto,Sevilla,2234
2017,Cuarto,Huesca,86
2017,Cuarto,Teruel,38
2017,Cuarto,Zaragoza,835
2017,Cuarto,Asturias,698
2017,Cuarto,Illes Balears,1291
2017,Cuarto,Las Palmas,1219
2017,Cuarto,Santa Cruz de Tenerife,1038
2017,Cuarto,Cantabria,436
2017,Cuarto,Ávila,55
2017,Cuarto,Burgos,223
2017,Cuarto,León,229
2017,Cuarto,Palencia,96
2017,Cuarto,Salamanca,155
2017,Cuarto,Segovia,69
2017,Cuarto,Soria,41
2017,Cuarto,Valladolid,377
2017,Cuarto,Zamora,55
2017,Cuarto,Albacete,217
2017,Cuarto,Ciudad Real,368
2017,Cuarto,Cuenca,80
2017,Cuarto,Guadalajara,159
2017,Cuarto,Toledo,420
2017,Cuarto,Barcelona,3900
2017,Cuarto,Girona,473
2017,Cuarto,Lleida,325
2017,Cuarto,Tarragona,741
2017,Cuarto,Alicante/Alacant,1992
2017,Cuarto,Castellón/Castelló,479
2017,Cuarto,Valencia/València,3057
2017,Cuarto,Badajoz,438
2017,Cuarto,Cáceres,214
2017,Cuarto,A Coruña,570
2017,Cuarto,Lugo,138
2017,Cuarto,Ourense,204
2017,Cuarto,Pontevedra,581
2017,Cuarto,Madrid,6915
2017,Cuarto,Murcia,1949
2017,Cuarto,Navarra,403
2017,Cuarto,Araba/Álava,205
2017,Cuarto,Gipuzkoa,287
2017,Cuarto,Bizkaia,702
2017,Cuarto,La Rioja,168
2017,Cuarto,Ceuta,87
2017,Cuarto,Melilla,74
2018,Primero,Almería,807
2018,Primero,Cádiz,917
2018,Primero,Córdoba,435
2018,Primero,Granada,805
2018,Primero,Huelva,555
2018,Primero,Jaén,487
2018,Primero,Málaga,1893
2018,Primero,Sevilla,1964
2018,Primero,Huesca,108
2018,Primero,Teruel,71
2018,Primero,Zaragoza,690
2018,Primero,Asturias,800
2018,Primero,Illes Balears,1170
2018,Primero,Las Palmas,1125
2018,Primero,Santa Cruz de Tenerife,976
2018,Primero,Cantabria,521
2018,Primero,Ávila,66
2018,Primero,Burgos,228
2018,Primero,León,256
2018,Primero,Palencia,74
2018,Primero,Salamanca,177
2018,Primero,Segovia,72
2018,Primero,Soria,26
2018,Primero,Valladolid,282
2018,Primero,Zamora,67
2018,Primero,Albacete,190
2018,Primero,Ciudad Real,399
2018,Primero,Cuenca,81
2018,Primero,Guadalajara,169
2018,Primero,Toledo,440
2018,Primero,Barcelona,4142
2018,Primero,Girona,466
2018,Primero,Lleida,372
2018,Primero,Tarragona,760
2018,Primero,Alicante/Alacant,2207
2018,Primero,Castellón/Castelló,423
2018,Primero,Valencia/València,2735
2018,Primero,Badajoz,426
2018,Primero,Cáceres,184
2018,Primero,A Coruña,471
2018,Primero,Lugo,130
2018,Primero,Ourense,177
2018,Primero,Pontevedra,476
2018,Primero,Madrid,6431
2018,Primero,Murcia,2088
2018,Primero,Navarra,445
2018,Primero,Araba/Álava,235
2018,Primero,Gipuzkoa,369
2018,Primero,Bizkaia,822
2018,Primero,La Rioja,174
2018,Primero,Ceuta,80
2018,Primero,Melilla,122
2018,Segundo,Almería,1236
2018,Segundo,Cádiz,1048
2018,Segundo,Córdoba,465
2018,Segundo,Granada,797
2018,Segundo,Huelva,616
2018,Segundo,Jaén,521
2018,Segundo,Málaga,2092
2018,Segundo,Sevilla,2107
2018,Segundo,Huesca,94
2018,Segundo,Teruel,57
2018,Segundo,Zaragoza,900
2018,Segundo,Asturias,749
2018,Segundo,Illes Balears,1287
2018,Segundo,Las Palmas,1151
2018,Segundo,Santa Cruz de Tenerife,856
2018,Segundo,Cantabria,424
2018,Segundo,Ávila,82
2018,Segundo,Burgos,179
2018,Segundo,León,239
2018,Segundo,Palencia,79
2018,Segundo,Salamanca,137
2018,Segundo,Segovia,104
2018,Segundo,Soria,30
2018,Segundo,Valladolid,356
2018,Segundo,Zamora,97
2018,Segundo,Albacete,222
2018,Segundo,Ciudad Real,401
2018,Segundo,Cuenca,94
2018,Segundo,Guadalajara,176
2018,Segundo,Toledo,433
2018,Segundo,Barcelona,4139
2018,Segundo,Girona,505
2018,Segundo,Lleida,355
2018,Segundo,Tarragona,850
2018,Segundo,Alicante/Alacant,2268
2018,Segundo,Castellón/Castelló,421
2018,Segundo,Valencia/València,3060
2018,Segundo,Badajoz,427
2018,Segundo,Cáceres,195
2018,Segundo,A Coruña,742
2018,Segundo,Lugo,169
2018,Segundo,Ourense,189
2018,Segundo,Pontevedra,625
2018,Segundo,Madrid,6698
2018,Segundo,Murcia,2117
2018,Segundo,Navarra,455
2018,Segundo,Araba/Álava,252
2018,Segundo,Gipuzkoa,333
2018,Segundo,Bizkaia,846
2018,Segundo,La Rioja,203
2018,Segundo,Ceuta,65
2018,Segundo,Melilla,134
2018,Tercero,Almería,1183
2018,Tercero,Cádiz,1113
2018,Tercero,Córdoba,470
2018,Tercero,Granada,938
2018,Tercero,Huelva,552
2018,Tercero,Jaén,485
2018,Tercero,Málaga,2058
2018,Tercero,Sevilla,1827
2018,Tercero,Huesca,133
2018,Tercero,Teruel,68
2018,Tercero,Zaragoza,895
2018,Tercero,Asturias,765
2018,Tercero,Illes Balears,1539
2018,Tercero,Las Palmas,1129
2018,Tercero,Santa Cruz de Tenerife,977
2018,Tercero,Cantabria,576
2018,Tercero,Ávila,86
2018,Tercero,Burgos,211
2018,Tercero,León,250
2018,Tercero,Palencia,79
2018,Tercero,Salamanca,177
2018,Tercero,Segovia,88
2018,Tercero,Soria,38
2018,Tercero,Valladolid,349
2018,Tercero,Zamora,85
2018,Tercero,Albacete,270
2018,Tercero,Ciudad Real,522
2018,Tercero,Cuenca,125
2018,Tercero,Guadalajara,217
2018,Tercero,Toledo,468
2018,Tercero,Barcelona,4041
2018,Tercero,Girona,557
2018,Tercero,Lleida,426
2018,Tercero,Tarragona,792
2018,Tercero,Alicante/Alacant,2280
2018,Tercero,Castellón/Castelló,467
2018,Tercero,Valencia/València,3321
2018,Tercero,Badajoz,406
2018,Tercero,Cáceres,188
2018,Tercero,A Coruña,714
2018,Tercero,Lugo,195
2018,Tercero,Ourense,213
2018,Tercero,Pontevedra,662
2018,Tercero,Madrid,6988
2018,Tercero,Murcia,2325
2018,Tercero,Navarra,461
2018,Tercero,Araba/Álava,225
2018,Tercero,Gipuzkoa,377
2018,Tercero,Bizkaia,830
2018,Tercero,La Rioja,245
2018,Tercero,Ceuta,68
2018,Tercero,Melilla,106
2018,Cuarto,Almería,1126
2018,Cuarto,Cádiz,1078
2018,Cuarto,Córdoba,456
2018,Cuarto,Granada,1015
2018,Cuarto,Huelva,493
2018,Cuarto,Jaén,538
2018,Cuarto,Málaga,1935
2018,Cuarto,Sevilla,1847
2018,Cuarto,Huesca,106
2018,Cuarto,Teruel,32
2018,Cuarto,Zaragoza,899
2018,Cuarto,Asturias,795
2018,Cuarto,Illes Balears,1356
2018,Cuarto,Las Palmas,1168
2018,Cuarto,Santa Cruz de Tenerife,960
2018,Cuarto,Cantabria,479
2018,Cuarto,Ávila,87
2018,Cuarto,Burgos,172
2018,Cuarto,León,257
2018,Cuarto,Palencia,75
2018,Cuarto,Salamanca,164
2018,Cuarto,Segovia,88
2018,Cuarto,Soria,44
2018,Cuarto,Valladolid,373
2018,Cuarto,Zamora,65
2018,Cuarto,Albacete,219
2018,Cuarto,Ciudad Real,400
2018,Cuarto,Cuenca,115
2018,Cuarto,Guadalajara,208
2018,Cuarto,Toledo,523
2018,Cuarto,Barcelona,3921
2018,Cuarto,Girona,633
2018,Cuarto,Lleida,376
2018,Cuarto,Tarragona,763
2018,Cuarto,Alicante/Alacant,2091
2018,Cuarto,Castellón/Castelló,440
2018,Cuarto,Valencia/València,3207
2018,Cuarto,Badajoz,449
2018,Cuarto,Cáceres,195
2018,Cuarto,A Coruña,725
2018,Cuarto,Lugo,215
2018,Cuarto,Ourense,227
2018,Cuarto,Pontevedra,607
2018,Cuarto,Madrid,6848
2018,Cuarto,Murcia,1720
2018,Cuarto,Navarra,526
2018,Cuarto,Araba/Álava,228
2018,Cuarto,Gipuzkoa,373
2018,Cuarto,Bizkaia,750
2018,Cuarto,La Rioja,217
2018,Cuarto,Ceuta,67
2018,Cuarto,Melilla,87
2019,Primero,Almería,1083
2019,Primero,Cádiz,1088
2019,Primero,Córdoba,422
2019,Primero,Granada,930
2019,Primero,Huelva,485
2019,Primero,Jaén,453
2019,Primero,Málaga,1833
2019,Primero,Sevilla,1889
2019,Primero,Huesca,100
2019,Primero,Teruel,51
2019,Primero,Zaragoza,968
2019,Primero,Asturias,742
2019,Primero,Illes Balears,1202
2019,Primero,Las Palmas,1306
2019,Primero,Santa Cruz de Tenerife,940
2019,Primero,Cantabria,452
2019,Primero,Ávila,129
2019,Primero,Burgos,190
2019,Primero,León,256
2019,Primero,Palencia,66
2019,Primero,Salamanca,153
2019,Primero,Segovia,100
2019,Primero,Soria,25
2019,Primero,Valladolid,338
2019,Primero,Zamora,74
2019,Primero,Albacete,215
2019,Primero,Ciudad Real,441
2019,Primero,Cuenca,106
2019,Primero,Guadalajara,200
2019,Primero,Toledo,502
2019,Primero,Barcelona,3899
2019,Primero,Girona,557
2019,Primero,Lleida,339
2019,Primero,Tarragona,634
2019,Primero,Alicante/Alacant,2217
2019,Primero,Castellón/Castelló,426
2019,Primero,Valencia/València,2983
2019,Primero,Badajoz,426
2019,Primero,Cáceres,177
2019,Primero,A Coruña,814
2019,Primero,Lugo,169
2019,Primero,Ourense,161
2019,Primero,Pontevedra,592
2019,Primero,Madrid,6472
2019,Primero,Murcia,1491
2019,Primero,Navarra,480
2019,Primero,Araba/Álava,246
2019,Primero,Gipuzkoa,407
2019,Primero,Bizkaia,754
2019,Primero,La Rioja,203
2019,Primero,Ceuta,55
2019,Primero,Melilla,78
2019,Segundo,Almería,902
2019,Segundo,Cádiz,1136
2019,Segundo,Córdoba,523
2019,Segundo,Granada,934
2019,Segundo,Huelva,586
2019,Segundo,Jaén,570
2019,Segundo,Málaga,1920
2019,Segundo,Sevilla,1791
2019,Segundo,Huesca,109
2019,Segundo,Teruel,51
2019,Segundo,Zaragoza,721
2019,Segundo,Asturias,697
2019,Segundo,Illes Balears,1407
2019,Segundo,Las Palmas,1317
2019,Segundo,Santa Cruz de Tenerife,1154
2019,Segundo,Cantabria,490
2019,Segundo,Ávila,96
2019,Segundo,Burgos,207
2019,Segundo,León,216
2019,Segundo,Palencia,79
2019,Segundo,Salamanca,112
2019,Segundo,Segovia,125
2019,Segundo,Soria,38
2019,Segundo,Valladolid,295
2019,Segundo,Zamora,70
2019,Segundo,Albacete,227
2019,Segundo,Ciudad Real,416
2019,Segundo,Cuenca,129
2019,Segundo,Guadalajara,177
2019,Segundo,Toledo,460
2019,Segundo,Barcelona,3742
2019,Segundo,Girona,644
2019,Segundo,Lleida,369
2019,Segundo,Tarragona,747
2019,Segundo,Alicante/Alacant,2247
2019,Segundo,Castellón/Castelló,412
2019,Segundo,Valencia/València,3191
2019,Segundo,Badajoz,411
2019,Segundo,Cáceres,221
2019,Segundo,A Coruña,611
2019,Segundo,Lugo,196
2019,Segundo,Ourense,227
2019,Segundo,Pontevedra,573
2019,Segundo,Madrid,6208
2019,Segundo,Murcia,1478
2019,Segundo,Navarra,455
2019,Segundo,Araba/Álava,247
2019,Segundo,Gipuzkoa,418
2019,Segundo,Bizkaia,784
2019,Segundo,La Rioja,205
2019,Segundo,Ceuta,64
2019,Segundo,Melilla,90
2019,Tercero,Almería,980
2019,Tercero,Cádiz,1086
2019,Tercero,Córdoba,485
2019,Tercero,Granada,969
2019,Tercero,Huelva,726
2019,Tercero,Jaén,510
2019,Tercero,Málaga,2289
2019,Tercero,Sevilla,1962
2019,Tercero,Huesca,107
2019,Tercero,Teruel,50
2019,Tercero,Zaragoza,1074
2019,Tercero,Asturias,735
2019,Tercero,Illes Balears,2033
2019,Tercero,Las Palmas,1402
2019,Tercero,Santa Cruz de Tenerife,1300
2019,Tercero,Cantabria,565
2019,Tercero,Ávila,93
2019,Tercero,Burgos,232
2019,Tercero,León,250
2019,Tercero,Palencia,95
2019,Tercero,Salamanca,135
2019,Tercero,Segovia,97
2019,Tercero,Soria,49
2019,Tercero,Valladolid,404
2019,Tercero,Zamora,72
2019,Tercero,Albacete,274
2019,Tercero,Ciudad Real,427
2019,Tercero,Cuenca,229
2019,Tercero,Guadalajara,272
2019,Tercero,Toledo,435
2019,Tercero,Barcelona,3953
2019,Tercero,Girona,767
2019,Tercero,Lleida,440
2019,Tercero,Tarragona,855
2019,Tercero,Alicante/Alacant,2503
2019,Tercero,Castellón/Castelló,506
2019,Tercero,Valencia/València,3301
2019,Tercero,Badajoz,450
2019,Tercero,Cáceres,210
2019,Tercero,A Coruña,710
2019,Tercero,Lugo,188
2019,Tercero,Ourense,162
2019,Tercero,Pontevedra,620
2019,Tercero,Madrid,6779
2019,Tercero,Murcia,1725
2019,Tercero,Navarra,571
2019,Tercero,Araba/Álava,258
2019,Tercero,Gipuzkoa,478
2019,Tercero,Bizkaia,878
2019,Tercero,La Rioja,220
2019,Tercero,Ceuta,71
2019,Tercero,Melilla,140
2019,Cuarto,Almería,894
2019,Cuarto,Cádiz,1175
2019,Cuarto,Córdoba,503
2019,Cuarto,Granada,950
2019,Cuarto,Huelva,530
2019,Cuarto,Jaén,541
2019,Cuarto,Málaga,2088
2019,Cuarto,Sevilla,1744
2019,Cuarto,Huesca,98
2019,Cuarto,Teruel,52
2019,Cuarto,Zaragoza,863
2019,Cuarto,Asturias,715
2019,Cuarto,Illes Balears,1851
2019,Cuarto,Las Palmas,1408
2019,Cuarto,Santa Cruz de Tenerife,959
2019,Cuarto,Cantabria,497
2019,Cuarto,Ávila,110
2019,Cuarto,Burgos,247
2019,Cuarto,León,216
2019,Cuarto,Palencia,83
2019,Cuarto,Salamanca,108
2019,Cuarto,Segovia,99
2019,Cuarto,Soria,46
2019,Cuarto,Valladolid,286
2019,Cuarto,Zamora,79
2019,Cuarto,Albacete,253
2019,Cuarto,Ciudad Real,460
2019,Cuarto,Cuenca,120
2019,Cuarto,Guadalajara,299
2019,Cuarto,Toledo,409
2019,Cuarto,Barcelona,3723
2019,Cuarto,Girona,628
2019,Cuarto,Lleida,380
2019,Cuarto,Tarragona,831
2019,Cuarto,Alicante/Alacant,2479
2019,Cuarto,Castellón/Castelló,559
2019,Cuarto,Valencia/València,3108
2019,Cuarto,Badajoz,389
2019,Cuarto,Cáceres,229
2019,Cuarto,A Coruña,653
2019,Cuarto,Lugo,200
2019,Cuarto,Ourense,114
2019,Cuarto,Pontevedra,561
2019,Cuarto,Madrid,6707
2019,Cuarto,Murcia,1732
2019,Cuarto,Navarra,451
2019,Cuarto,Araba/Álava,239
2019,Cuarto,Gipuzkoa,393
2019,Cuarto,Bizkaia,825
2019,Cuarto,La Rioja,194
2019,Cuarto,Ceuta,74
2019,Cuarto,Melilla,80
2020,Primero,Almería,792
2020,Primero,Cádiz,1177
2020,Primero,Córdoba,563
2020,Primero,Granada,923
2020,Primero,Huelva,509
2020,Primero,Jaén,450
2020,Primero,Málaga,1541
2020,Primero,Sevilla,1360
2020,Primero,Huesca,86
2020,Primero,Teruel,57
2020,Primero,Zaragoza,565
2020,Primero,Asturias,665
2020,Primero,Illes Balears,1391
2020,Primero,Las Palmas,1122
2020,Primero,Santa Cruz de Tenerife,970
2020,Primero,Cantabria,453
2020,Primero,Ávila,67
2020,Primero,Burgos,224
2020,Primero,León,191
2020,Primero,Palencia,76
2020,Primero,Salamanca,120
2020,Primero,Segovia,136
2020,Primero,Soria,32
2020,Primero,Valladolid,301
2020,Primero,Zamora,60
2020,Primero,Albacete,193
2020,Primero,Ciudad Real,406
2020,Primero,Cuenca,87
2020,Primero,Guadalajara,178
2020,Primero,Toledo,368
2020,Primero,Barcelona,3292
2020,Primero,Girona,546
2020,Primero,Lleida,321
2020,Primero,Tarragona,624
2020,Primero,Alicante/Alacant,2098
2020,Primero,Castellón/Castelló,453
2020,Primero,Valencia/València,2687
2020,Primero,Badajoz,369
2020,Primero,Cáceres,177
2020,Primero,A Coruña,598
2020,Primero,Lugo,176
2020,Primero,Ourense,102
2020,Primero,Pontevedra,521
2020,Primero,Madrid,5575
2020,Primero,Murcia,1499
2020,Primero,Navarra,475
2020,Primero,Araba/Álava,230
2020,Primero,Gipuzkoa,329
2020,Primero,Bizkaia,728
2020,Primero,La Rioja,195
2020,Primero,Ceuta,50
2020,Primero,Melilla,77
2020,Segundo,Almería,678
2020,Segundo,Cádiz,1092
2020,Segundo,Córdoba,451
2020,Segundo,Granada,836
2020,Segundo,Huelva,616
2020,Segundo,Jaén,433
2020,Segundo,Málaga,1510
2020,Segundo,Sevilla,1163
2020,Segundo,Huesca,104
2020,Segundo,Teruel,42
2020,Segundo,Zaragoza,701
2020,Segundo,Asturias,697
2020,Segundo,Illes Balears,1371
2020,Segundo,Las Palmas,1287
2020,Segundo,Santa Cruz de Tenerife,917
2020,Segundo,Cantabria,385
2020,Segundo,Ávila,67
2020,Segundo,Burgos,156
2020,Segundo,León,197
2020,Segundo,Palencia,51
2020,Segundo,Salamanca,87
2020,Segundo,Segovia,80
2020,Segundo,Soria,49
2020,Segundo,Valladolid,241
2020,Segundo,Zamora,57
2020,Segundo,Albacete,203
2020,Segundo,Ciudad Real,313
2020,Segundo,Cuenca,110
2020,Segundo,Guadalajara,243
2020,Segundo,Toledo,457
2020,Segundo,Barcelona,3085
2020,Segundo,Girona,539
2020,Segundo,Lleida,316
2020,Segundo,Tarragona,529
2020,Segundo,Alicante/Alacant,1806
2020,Segundo,Castellón/Castelló,391
2020,Segundo,Valencia/València,2761
2020,Segundo,Badajoz,312
2020,Segundo,Cáceres,208
2020,Segundo,A Coruña,627
2020,Segundo,Lugo,145
2020,Segundo,Ourense,227
2020,Segundo,Pontevedra,490
2020,Segundo,Madrid,5103
2020,Segundo,Murcia,1378
2020,Segundo,Navarra,468
2020,Segundo,Araba/Álava,197
2020,Segundo,Gipuzkoa,329
2020,Segundo,Bizkaia,760
2020,Segundo,La Rioja,183
2020,Segundo,Ceuta,56
2020,Segundo,Melilla,72
2020,Tercero,Almería,1109
2020,Tercero,Cádiz,1474
2020,Tercero,Córdoba,481
2020,Tercero,Granada,1141
2020,Tercero,Huelva,732
2020,Tercero,Jaén,600
2020,Tercero,Málaga,1962
2020,Tercero,Sevilla,1567
2020,Tercero,Huesca,97
2020,Tercero,Teruel,40
2020,Tercero,Zaragoza,728
2020,Tercero,Asturias,766
2020,Tercero,Illes Balears,1741
2020,Tercero,Las Palmas,1409
2020,Tercero,Santa Cruz de Tenerife,1111
2020,Tercero,Cantabria,462
2020,Tercero,Ávila,92
2020,Tercero,Burgos,209
2020,Tercero,León,256
2020,Tercero,Palencia,63
2020,Tercero,Salamanca,135
2020,Tercero,Segovia,130
2020,Tercero,Soria,48
2020,Tercero,Valladolid,327
2020,Tercero,Zamora,97
2020,Tercero,Albacete,332
2020,Tercero,Ciudad Real,478
2020,Tercero,Cuenca,119
2020,Tercero,Guadalajara,207
2020,Tercero,Toledo,448
2020,Tercero,Barcelona,3873
2020,Tercero,Girona,688
2020,Tercero,Lleida,446
2020,Tercero,Tarragona,788
2020,Tercero,Alicante/Alacant,2354
2020,Tercero,Castellón/Castelló,644
2020,Tercero,Valencia/València,3246
2020,Tercero,Badajoz,410
2020,Tercero,Cáceres,218
2020,Tercero,A Coruña,739
2020,Tercero,Lugo,178
2020,Tercero,Ourense,270
2020,Tercero,Pontevedra,580
2020,Tercero,Madrid,6070
2020,Tercero,Murcia,1728
2020,Tercero,Navarra,435
2020,Tercero,Araba/Álava,260
2020,Tercero,Gipuzkoa,446
2020,Tercero,Bizkaia,751
2020,Tercero,La Rioja,184
2020,Tercero,Ceuta,76
2020,Tercero,Melilla,109
2020,Cuarto,Almería,786
2020,Cuarto,Cádiz,1284
2020,Cuarto,Córdoba,544
2020,Cuarto,Granada,1081
2020,Cuarto,Huelva,546
2020,Cuarto,Jaén,406
2020,Cuarto,Málaga,1643
2020,Cuarto,Sevilla,1397
2020,Cuarto,Huesca,98
2020,Cuarto,Teruel,26
2020,Cuarto,Zaragoza,733
2020,Cuarto,Asturias,522
2020,Cuarto,Illes Balears,1377
2020,Cuarto,Las Palmas,1164
2020,Cuarto,Santa Cruz de Tenerife,946
2020,Cuarto,Cantabria,368
2020,Cuarto,Ávila,65
2020,Cuarto,Burgos,179
2020,Cuarto,León,235
2020,Cuarto,Palencia,61
2020,Cuarto,Salamanca,90
2020,Cuarto,Segovia,172
2020,Cuarto,Soria,46
2020,Cuarto,Valladolid,286
2020,Cuarto,Zamora,76
2020,Cuarto,Albacete,215
2020,Cuarto,Ciudad Real,303
2020,Cuarto,Cuenca,105
2020,Cuarto,Guadalajara,321
2020,Cuarto,Toledo,455
2020,Cuarto,Barcelona,3289
2020,Cuarto,Girona,604
2020,Cuarto,Lleida,322
2020,Cuarto,Tarragona,664
2020,Cuarto,Alicante/Alacant,1897
2020,Cuarto,Castellón/Castelló,491
2020,Cuarto,Valencia/València,3126
2020,Cuarto,Badajoz,380
2020,Cuarto,Cáceres,188
2020,Cuarto,A Coruña,560
2020,Cuarto,Lugo,183
2020,Cuarto,Ourense,190
2020,Cuarto,Pontevedra,492
2020,Cuarto,Madrid,5715
2020,Cuarto,Murcia,1498
2020,Cuarto,Navarra,418
2020,Cuarto,Araba/Álava,202
2020,Cuarto,Gipuzkoa,334
2020,Cuarto,Bizkaia,789
2020,Cuarto,La Rioja,206
2020,Cuarto,Ceuta,46
2020,Cuarto,Melilla,65
2021,Primero,Almería,630
2021,Primero,Cádiz,1058
2021,Primero,Córdoba,568
2021,Primero,Granada,1043
2021,Primero,Huelva,507
2021,Primero,Jaén,408
2021,Primero,Málaga,1519
2021,Primero,Sevilla,1338
2021,Primero,Huesca,106
2021,Primero,Teruel,39
2021,Primero,Zaragoza,657
2021,Primero,Asturias,616
2021,Primero,Illes Balears,1147
2021,Primero,Las Palmas,1076
2021,Primero,Santa Cruz de Tenerife,919
2021,Primero,Cantabria,383
2021,Primero,Ávila,90
2021,Primero,Burgos,201
2021,Primero,León,202
2021,Primero,Palencia,65
2021,Primero,Salamanca,75
2021,Primero,Segovia,103
2021,Primero,Soria,34
2021,Primero,Valladolid,338
2021,Primero,Zamora,56
2021,Primero,Albacete,231
2021,Primero,Ciudad Real,330
2021,Primero,Cuenca,95
2021,Primero,Guadalajara,159
2021,Primero,Toledo,501
2021,Primero,Barcelona,3348
2021,Primero,Girona,536
2021,Primero,Lleida,347
2021,Primero,Tarragona,537
2021,Primero,Alicante/Alacant,1747
2021,Primero,Castellón/Castelló,366
2021,Primero,Valencia/València,2681
2021,Primero,Badajoz,370
2021,Primero,Cáceres,169
2021,Primero,A Coruña,596
2021,Primero,Lugo,160
2021,Primero,Ourense,165
2021,Primero,Pontevedra,513
2021,Primero,Madrid,5580
2021,Primero,Murcia,1491
2021,Primero,Navarra,389
2021,Primero,Araba/Álava,177
2021,Primero,Gipuzkoa,284
2021,Primero,Bizkaia,742
2021,Primero,La Rioja,170
2021,Primero,Ceuta,58
2021,Primero,Melilla,81
2021,Segundo,Almería,680
2021,Segundo,Cádiz,1219
2021,Segundo,Córdoba,692
2021,Segundo,Granada,1275
2021,Segundo,Huelva,655
2021,Segundo,Jaén,535
2021,Segundo,Málaga,1735
2021,Segundo,Sevilla,1530
2021,Segundo,Huesca,113
2021,Segundo,Teruel,40
2021,Segundo,Zaragoza,741
2021,Segundo,Asturias,661
2021,Segundo,Illes Balears,1574
2021,Segundo,Las Palmas,1287
2021,Segundo,Santa Cruz de Tenerife,993
2021,Segundo,Cantabria,474
2021,Segundo,Ávila,83
2021,Segundo,Burgos,191
2021,Segundo,León,221
2021,Segundo,Palencia,72
2021,Segundo,Salamanca,88
2021,Segundo,Segovia,139
2021,Segundo,Soria,39
2021,Segundo,Valladolid,321
2021,Segundo,Zamora,89
2021,Segundo,Albacete,247
2021,Segundo,Ciudad Real,333
2021,Segundo,Cuenca,106
2021,Segundo,Guadalajara,389
2021,Segundo,Toledo,506
2021,Segundo,Barcelona,3763
2021,Segundo,Girona,613
2021,Segundo,Lleida,326
2021,Segundo,Tarragona,698
2021,Segundo,Alicante/Alacant,2104
2021,Segundo,Castellón/Castelló,426
2021,Segundo,Valencia/València,3126
2021,Segundo,Badajoz,440
2021,Segundo,Cáceres,208
2021,Segundo,A Coruña,700
2021,Segundo,Lugo,212
2021,Segundo,Ourense,185
2021,Segundo,Pontevedra,552
2021,Segundo,Madrid,6504
2021,Segundo,Murcia,1636
2021,Segundo,Navarra,446
2021,Segundo,Araba/Álava,240
2021,Segundo,Gipuzkoa,364
2021,Segundo,Bizkaia,799
2021,Segundo,La Rioja,196
2021,Segundo,Ceuta,70
2021,Segundo,Melilla,85
2021,Tercero,Almería,1035
2021,Tercero,Cádiz,1542
2021,Tercero,Córdoba,571
2021,Tercero,Granada,1314
2021,Tercero,Huelva,759
2021,Tercero,Jaén,536
2021,Tercero,Málaga,1954
2021,Tercero,Sevilla,1579
2021,Tercero,Huesca,134
2021,Tercero,Teruel,70
2021,Tercero,Zaragoza,1168
2021,Tercero,Asturias,631
2021,Tercero,Illes Balears,2013
2021,Tercero,Las Palmas,1338
2021,Tercero,Santa Cruz de Tenerife,1101
2021,Tercero,Cantabria,505
2021,Tercero,Ávila,116
2021,Tercero,Burgos,250
2021,Tercero,León,235
2021,Tercero,Palencia,101
2021,Tercero,Salamanca,125
2021,Tercero,Segovia,131
2021,Tercero,Soria,48
2021,Tercero,Valladolid,339
2021,Tercero,Zamora,85
2021,Tercero,Albacete,292
2021,Tercero,Ciudad Real,437
2021,Tercero,Cuenca,118
2021,Tercero,Guadalajara,284
2021,Tercero,Toledo,611
2021,Tercero,Barcelona,4012
2021,Tercero,Girona,752
2021,Tercero,Lleida,449
2021,Tercero,Tarragona,841
2021,Tercero,Alicante/Alacant,2391
2021,Tercero,Castellón/Castelló,517
2021,Tercero,Valencia/València,3391
2021,Tercero,Badajoz,483
2021,Tercero,Cáceres,221
2021,Tercero,A Coruña,643
2021,Tercero,Lugo,180
2021,Tercero,Ourense,189
2021,Tercero,Pontevedra,608
2021,Tercero,Madrid,6964
2021,Tercero,Murcia,1933
2021,Tercero,Navarra,358
2021,Tercero,Araba/Álava,205
2021,Tercero,Gipuzkoa,398
2021,Tercero,Bizkaia,719
2021,Tercero,La Rioja,223
2021,Tercero,Ceuta,75
2021,Tercero,Melilla,117
2021,Cuarto,Almería,955
2021,Cuarto,Cádiz,1387
2021,Cuarto,Córdoba,558
2021,Cuarto,Granada,1318
2021,Cuarto,Huelva,597
2021,Cuarto,Jaén,520
2021,Cuarto,Málaga,1653
2021,Cuarto,Sevilla,1655
2021,Cuarto,Huesca,120
2021,Cuarto,Teruel,47
2021,Cuarto,Zaragoza,773
2021,Cuarto,Asturias,624
2021,Cuarto,Illes Balears,1629
2021,Cuarto,Las Palmas,1332
2021,Cuarto,Santa Cruz de Tenerife,956
2021,Cuarto,Cantabria,536
2021,Cuarto,Ávila,109
2021,Cuarto,Burgos,215
2021,Cuarto,León,224
2021,Cuarto,Palencia,85
2021,Cuarto,Salamanca,97
2021,Cuarto,Segovia,165
2021,Cuarto,Soria,45
2021,Cuarto,Valladolid,341
2021,Cuarto,Zamora,52
2021,Cuarto,Albacete,270
2021,Cuarto,Ciudad Real,448
2021,Cuarto,Cuenca,109
2021,Cuarto,Guadalajara,601
2021,Cuarto,Toledo,476
2021,Cuarto,Barcelona,3821
2021,Cuarto,Girona,729
2021,Cuarto,Lleida,405
2021,Cuarto,Tarragona,680
2021,Cuarto,Alicante/Alacant,2360
2021,Cuarto,Castellón/Castelló,567
2021,Cuarto,Valencia/València,2978
2021,Cuarto,Badajoz,453
2021,Cuarto,Cáceres,248
2021,Cuarto,A Coruña,648
2021,Cuarto,Lugo,168
2021,Cuarto,Ourense,202
2021,Cuarto,Pontevedra,538
2021,Cuarto,Madrid,6406
2021,Cuarto,Murcia,1690
2021,Cuarto,Navarra,437
2021,Cuarto,Araba/Álava,198
2021,Cuarto,Gipuzkoa,399
2021,Cuarto,Bizkaia,832
2021,Cuarto,La Rioja,234
2021,Cuarto,Ceuta,72
2021,Cuarto,Melilla,73
2022,Primero,Almería,829
2022,Primero,Cádiz,1495
2022,Primero,Córdoba,677
2022,Primero,Granada,1311
2022,Primero,Huelva,579
2022,Primero,Jaén,548
2022,Primero,Málaga,1886
2022,Primero,Sevilla,1690
2022,Primero,Huesca,83
2022,Primero,Teruel,48
2022,Primero,Zaragoza,842
2022,Primero,Asturias,737
2022,Primero,Illes Balears,1443
2022,Primero,Las Palmas,1182
2022,Primero,Santa Cruz de Tenerife,973
2022,Primero,Cantabria,514
2022,Primero,Ávila,85
2022,Primero,Burgos,210
2022,Primero,León,231
2022,Primero,Palencia,84
2022,Primero,Salamanca,115
2022,Primero,Segovia,152
2022,Primero,Soria,43
2022,Primero,Valladolid,308
2022,Primero,Zamora,51
2022,Primero,Albacete,248
2022,Primero,Ciudad Real,370
2022,Primero,Cuenca,107
2022,Primero,Guadalajara,262
2022,Primero,Toledo,508
2022,Primero,Barcelona,3506
2022,Primero,Girona,541
2022,Primero,Lleida,366
2022,Primero,Tarragona,685
2022,Primero,Alicante/Alacant,2276
2022,Primero,Castellón/Castelló,801
2022,Primero,Valencia/València,3072
2022,Primero,Badajoz,471
2022,Primero,Cáceres,229
2022,Primero,A Coruña,646
2022,Primero,Lugo,185
2022,Primero,Ourense,288
2022,Primero,Pontevedra,576
2022,Primero,Madrid,6534
2022,Primero,Murcia,1730
2022,Primero,Navarra,458
2022,Primero,Araba/Álava,197
2022,Primero,Gipuzkoa,435
2022,Primero,Bizkaia,816
2022,Primero,La Rioja,208
2022,Primero,Ceuta,61
2022,Primero,Melilla,73
2022,Segundo,Almería,1020
2022,Segundo,Cádiz,1471
2022,Segundo,Córdoba,675
2022,Segundo,Granada,1220
2022,Segundo,Huelva,589
2022,Segundo,Jaén,568
2022,Segundo,Málaga,1956
2022,Segundo,Sevilla,1772
2022,Segundo,Huesca,127
2022,Segundo,Teruel,74
2022,Segundo,Zaragoza,873
2022,Segundo,Asturias,773
2022,Segundo,Illes Balears,1752
2022,Segundo,Las Palmas,1300
2022,Segundo,Santa Cruz de Tenerife,1076
2022,Segundo,Cantabria,546
2022,Segundo,Ávila,118
2022,Segundo,Burgos,235
2022,Segundo,León,250
2022,Segundo,Palencia,101
2022,Segundo,Salamanca,138
2022,Segundo,Segovia,117
2022,Segundo,Soria,41
2022,Segundo,Valladolid,353
2022,Segundo,Zamora,47
2022,Segundo,Albacete,245
2022,Segundo,Ciudad Real,406
2022,Segundo,Cuenca,141
2022,Segundo,Guadalajara,286
2022,Segundo,Toledo,565
2022,Segundo,Barcelona,3890
2022,Segundo,Girona,699
2022,Segundo,Lleida,454
2022,Segundo,Tarragona,741
2022,Segundo,Alicante/Alacant,2423
2022,Segundo,Castellón/Castelló,1237
2022,Segundo,Valencia/València,3249
2022,Segundo,Badajoz,555
2022,Segundo,Cáceres,330
2022,Segundo,A Coruña,737
2022,Segundo,Lugo,176
2022,Segundo,Ourense,335
2022,Segundo,Pontevedra,565
2022,Segundo,Madrid,6958
2022,Segundo,Murcia,2180
2022,Segundo,Navarra,498
2022,Segundo,Araba/Álava,264
2022,Segundo,Gipuzkoa,404
2022,Segundo,Bizkaia,827
2022,Segundo,La Rioja,234
2022,Segundo,Ceuta,58
2022,Segundo,Melilla,94
2022,Tercero,Almería,1138
2022,Tercero,Cádiz,1312
2022,Tercero,Córdoba,784
2022,Tercero,Granada,1462
2022,Tercero,Huelva,766
2022,Tercero,Jaén,556
2022,Tercero,Málaga,2354
2022,Tercero,Sevilla,1980
2022,Tercero,Huesca,154
2022,Tercero,Teruel,81
2022,Tercero,Zaragoza,1038
2022,Tercero,Asturias,814
2022,Tercero,Illes Balears,2195
2022,Tercero,Las Palmas,1450
2022,Tercero,Santa Cruz de Tenerife,1112
2022,Tercero,Cantabria,579
2022,Tercero,Ávila,117
2022,Tercero,Burgos,259
2022,Tercero,León,300
2022,Tercero,Palencia,88
2022,Tercero,Salamanca,167
2022,Tercero,Segovia,169
2022,Tercero,Soria,74
2022,Tercero,Valladolid,297
2022,Tercero,Zamora,105
2022,Tercero,Albacete,279
2022,Tercero,Ciudad Real,436
2022,Tercero,Cuenca,150
2022,Tercero,Guadalajara,185
2022,Tercero,Toledo,637
2022,Tercero,Barcelona,4238
2022,Tercero,Girona,758
2022,Tercero,Lleida,515
2022,Tercero,Tarragona,792
2022,Tercero,Alicante/Alacant,2605
2022,Tercero,Castellón/Castelló,951
2022,Tercero,Valencia/València,3441
2022,Tercero,Badajoz,502
2022,Tercero,Cáceres,323
2022,Tercero,A Coruña,783
2022,Tercero,Lugo,193
2022,Tercero,Ourense,242
2022,Tercero,Pontevedra,636
2022,Tercero,Madrid,7821
2022,Tercero,Murcia,1969
2022,Tercero,Navarra,656
2022,Tercero,Araba/Álava,300
2022,Tercero,Gipuzkoa,387
2022,Tercero,Bizkaia,903
2022,Tercero,La Rioja,237
2022,Tercero,Ceuta,82
2022,Tercero,Melilla,107
2022,Cuarto,Almería,1083
2022,Cuarto,Cádiz,1243
2022,Cuarto,Córdoba,704
2022,Cuarto,Granada,1332
2022,Cuarto,Huelva,638
2022,Cuarto,Jaén,566
2022,Cuarto,Málaga,2080
2022,Cuarto,Sevilla,1865
2022,Cuarto,Huesca,135
2022,Cuarto,Teruel,68
2022,Cuarto,Zaragoza,931
2022,Cuarto,Asturias,762
2022,Cuarto,Illes Balears,1610
2022,Cuarto,Las Palmas,1551
2022,Cuarto,Santa Cruz de Tenerife,1113
2022,Cuarto,Cantabria,579
2022,Cuarto,Ávila,117
2022,Cuarto,Burgos,254
2022,Cuarto,León,280
2022,Cuarto,Palencia,76
2022,Cuarto,Salamanca,103
2022,Cuarto,Segovia,130
2022,Cuarto,Soria,52
2022,Cuarto,Valladolid,337
2022,Cuarto,Zamora,61
2022,Cuarto,Albacete,227
2022,Cuarto,Ciudad Real,421
2022,Cuarto,Cuenca,118
2022,Cuarto,Guadalajara,177
2022,Cuarto,Toledo,565
2022,Cuarto,Barcelona,3965
2022,Cuarto,Girona,715
2022,Cuarto,Lleida,420
2022,Cuarto,Tarragona,730
2022,Cuarto,Alicante/Alacant,2476
2022,Cuarto,Castellón/Castelló,910
2022,Cuarto,Valencia/València,3125
2022,Cuarto,Badajoz,474
2022,Cuarto,Cáceres,272
2022,Cuarto,A Coruña,766
2022,Cuarto,Lugo,176
2022,Cuarto,Ourense,170
2022,Cuarto,Pontevedra,555
2022,Cuarto,Madrid,6485
2022,Cuarto,Murcia,2025
2022,Cuarto,Navarra,740
2022,Cuarto,Araba/Álava,318
2022,Cuarto,Gipuzkoa,340
2022,Cuarto,Bizkaia,904
2022,Cuarto,La Rioja,214
2022,Cuarto,Ceuta,49
2022,Cuarto,Melilla,84
2023,Primero,Almería,1040
2023,Primero,Cádiz,1266
2023,Primero,Córdoba,656
2023,Primero,Granada,1238
2023,Primero,Huelva,596
2023,Primero,Jaén,559
2023,Primero,Málaga,2064
2023,Primero,Sevilla,1927
2023,Primero,Huesca,149
2023,Primero,Teruel,60
2023,Primero,Zaragoza,983
2023,Primero,Asturias,838
2023,Primero,Illes Balears,1688
2023,Primero,Las Palmas,1428
2023,Primero,Santa Cruz de Tenerife,1124
2023,Primero,Cantabria,625
2023,Primero,Ávila,133
2023,Primero,Burgos,259
2023,Primero,León,240
2023,Primero,Palencia,168
2023,Primero,Salamanca,152
2023,Primero,Segovia,218
2023,Primero,Soria,52
2023,Primero,Valladolid,297
2023,Primero,Zamora,88
2023,Primero,Albacete,231
2023,Primero,Ciudad Real,433
2023,Primero,Cuenca,89
2023,Primero,Guadalajara,250
2023,Primero,Toledo,496
2023,Primero,Barcelona,3829
2023,Primero,Girona,619
2023,Primero,Lleida,409
2023,Primero,Tarragona,743
2023,Primero,Alicante/Alacant,2509
2023,Primero,Castellón/Castelló,1119
2023,Primero,Valencia/València,3584
2023,Primero,Badajoz,640
2023,Primero,Cáceres,294
2023,Primero,A Coruña,686
2023,Primero,Lugo,189
2023,Primero,Ourense,227
2023,Primero,Pontevedra,645
2023,Primero,Madrid,6812
2023,Primero,Murcia,2044
2023,Primero,Navarra,717
2023,Primero,Araba/Álava,202
2023,Primero,Gipuzkoa,385
2023,Primero,Bizkaia,903
2023,Primero,La Rioja,231
2023,Primero,Ceuta,90
2023,Primero,Melilla,103
2023,Segundo,Almería,964
2023,Segundo,Cádiz,1293
2023,Segundo,Córdoba,708
2023,Segundo,Granada,1623
2023,Segundo,Huelva,630
2023,Segundo,Jaén,633
2023,Segundo,Málaga,2319
2023,Segundo,Sevilla,1892
2023,Segundo,Huesca,167
2023,Segundo,Teruel,77
2023,Segundo,Zaragoza,1113
2023,Segundo,Asturias,742
2023,Segundo,Illes Balears,2012
2023,Segundo,Las Palmas,1462
2023,Segundo,Santa Cruz de Tenerife,1356
2023,Segundo,Cantabria,593
2023,Segundo,Ávila,137
2023,Segundo,Burgos,274
2023,Segundo,León,289
2023,Segundo,Palencia,111
2023,Segundo,Salamanca,152
2023,Segundo,Segovia,149
2023,Segundo,Soria,42
2023,Segundo,Valladolid,321
2023,Segundo,Zamora,109
2023,Segundo,Albacete,270
2023,Segundo,Ciudad Real,393
2023,Segundo,Cuenca,122
2023,Segundo,Guadalajara,200
2023,Segundo,Toledo,596
2023,Segundo,Barcelona,3929
2023,Segundo,Girona,647
2023,Segundo,Lleida,509
2023,Segundo,Tarragona,767
2023,Segundo,Alicante/Alacant,2680
2023,Segundo,Castellón/Castelló,995
2023,Segundo,Valencia/València,3210
2023,Segundo,Badajoz,671
2023,Segundo,Cáceres,329
2023,Segundo,A Coruña,692
2023,Segundo,Lugo,169
2023,Segundo,Ourense,177
2023,Segundo,Pontevedra,669
2023,Segundo,Madrid,7303
2023,Segundo,Murcia,1992
2023,Segundo,Navarra,677
2023,Segundo,Araba/Álava,314
2023,Segundo,Gipuzkoa,409
2023,Segundo,Bizkaia,914
2023,Segundo,La Rioja,254
2023,Segundo,Ceuta,78
2023,Segundo,Melilla,93
