Año,Trimestre,Provincia,Numero_ordenes
2009,Primero,Almería,82
2009,Primero,Cádiz,312
2009,Primero,Córdoba,125
2009,Primero,Granada,163
2009,Primero,Huelva,138
2009,Primero,Jaén,101
2009,Primero,Málaga,379
2009,Primero,Sevilla,509
2009,Primero,Huesca,20
2009,Primero,Teruel,19
2009,Primero,Zaragoza,140
2009,Primero,Asturias,191
2009,Primero,Illes Balears,399
2009,Primero,Las Palmas,417
2009,Primero,Santa Cruz de Tenerife,340
2009,Primero,Cantabria,111
2009,Primero,Ávila,35
2009,Primero,Burgos,73
2009,Primero,León,109
2009,Primero,Palencia,31
2009,Primero,Salamanca,44
2009,Primero,Segovia,28
2009,Primero,Soria,17
2009,Primero,Valladolid,65
2009,Primero,Zamora,13
2009,Primero,Albacete,86
2009,Primero,Ciudad Real,105
2009,Primero,Cuenca,47
2009,Primero,Guadalajara,68
2009,Primero,Toledo,176
2009,Primero,Barcelona,1147
2009,Primero,Girona,219
2009,Primero,Lleida,135
2009,Primero,Tarragona,260
2009,Primero,Alicante/Alacant,608
2009,Primero,Castellón/Castelló,135
2009,Primero,Valencia/València,420
2009,Primero,Badajoz,104
2009,Primero,Cáceres,56
2009,Primero,A Coruña,99
2009,Primero,Lugo,42
2009,Primero,Ourense,63
2009,Primero,Pontevedra,129
2009,Primero,Madrid,1540
2009,Primero,Murcia,466
2009,Primero,Navarra,97
2009,Primero,Araba/Álava,49
2009,Primero,Gipuzkoa,73
2009,Primero,Bizkaia,125
2009,Primero,La Rioja,81
2009,Primero,Ceuta,31
2009,Primero,Melilla,4
2009,Segundo,Almería,89
2009,Segundo,Cádiz,311
2009,Segundo,Córdoba,109
2009,Segundo,Granada,136
2009,Segundo,Huelva,155
2009,Segundo,Jaén,99
2009,Segundo,Málaga,385
2009,Segundo,Sevilla,547
2009,Segundo,Huesca,26
2009,Segundo,Teruel,17
2009,Segundo,Zaragoza,158
2009,Segundo,Asturias,217
2009,Segundo,Illes Balears,383
2009,Segundo,Las Palmas,470
2009,Segundo,Santa Cruz de Tenerife,303
2009,Segundo,Cantabria,87
2009,Segundo,Ávila,34
2009,Segundo,Burgos,49
2009,Segundo,León,108
2009,Segundo,Palencia,29
2009,Segundo,Salamanca,47
2009,Segundo,Segovia,31
2009,Segundo,Soria,20
2009,Segundo,Valladolid,91
2009,Segundo,Zamora,20
2009,Segundo,Albacete,87
2009,Segundo,Ciudad Real,129
2009,Segundo,Cuenca,56
2009,Segundo,Guadalajara,73
2009,Segundo,Toledo,259
2009,Segundo,Barcelona,1138
2009,Segundo,Girona,261
2009,Segundo,Lleida,73
2009,Segundo,Tarragona,258
2009,Segundo,Alicante/Alacant,665
2009,Segundo,Castellón/Castelló,131
2009,Segundo,Valencia/València,437
2009,Segundo,Badajoz,124
2009,Segundo,Cáceres,47
2009,Segundo,A Coruña,94
2009,Segundo,Lugo,38
2009,Segundo,Ourense,38
2009,Segundo,Pontevedra,148
2009,Segundo,Madrid,1687
2009,Segundo,Murcia,550
2009,Segundo,Navarra,103
2009,Segundo,Araba/Álava,52
2009,Segundo,Gipuzkoa,91
2009,Segundo,Bizkaia,153
2009,Segundo,La Rioja,73
2009,Segundo,Ceuta,26
2009,Segundo,Melilla,5
2009,Tercero,Almería,102
2009,Tercero,Cádiz,303
2009,Tercero,Córdoba,139
2009,Tercero,Granada,164
2009,Tercero,Huelva,173
2009,Tercero,Jaén,110
2009,Tercero,Málaga,373
2009,Tercero,Sevilla,554
2009,Tercero,Huesca,13
2009,Tercero,Teruel,11
2009,Tercero,Zaragoza,151
2009,Tercero,Asturias,224
2009,Tercero,Illes Balears,424
2009,Tercero,Las Palmas,398
2009,Tercero,Santa Cruz de Tenerife,314
2009,Tercero,Cantabria,111
2009,Tercero,Ávila,30
2009,Tercero,Burgos,57
2009,Tercero,León,51
2009,Tercero,Palencia,29
2009,Tercero,Salamanca,48
2009,Tercero,Segovia,36
2009,Tercero,Soria,29
2009,Tercero,Valladolid,110
2009,Tercero,Zamora,13
2009,Tercero,Albacete,103
2009,Tercero,Ciudad Real,161
2009,Tercero,Cuenca,36
2009,Tercero,Guadalajara,71
2009,Tercero,Toledo,236
2009,Tercero,Barcelona,1199
2009,Tercero,Girona,235
2009,Tercero,Lleida,71
2009,Tercero,Tarragona,282
2009,Tercero,Alicante/Alacant,618
2009,Tercero,Castellón/Castelló,132
2009,Tercero,Valencia/València,512
2009,Tercero,Badajoz,144
2009,Tercero,Cáceres,74
2009,Tercero,A Coruña,109
2009,Tercero,Lugo,46
2009,Tercero,Ourense,38
2009,Tercero,Pontevedra,164
2009,Tercero,Madrid,1812
2009,Tercero,Murcia,500
2009,Tercero,Navarra,87
2009,Tercero,Araba/Álava,30
2009,Tercero,Gipuzkoa,89
2009,Tercero,Bizkaia,96
2009,Tercero,La Rioja,82
2009,Tercero,Ceuta,13
2009,Tercero,Melilla,2
2009,Cuarto,Almería,90
2009,Cuarto,Cádiz,181
2009,Cuarto,Córdoba,125
2009,Cuarto,Granada,90
2009,Cuarto,Huelva,145
2009,Cuarto,Jaén,88
2009,Cuarto,Málaga,278
2009,Cuarto,Sevilla,463
2009,Cuarto,Huesca,25
2009,Cuarto,Teruel,9
2009,Cuarto,Zaragoza,118
2009,Cuarto,Asturias,201
2009,Cuarto,Illes Balears,260
2009,Cuarto,Las Palmas,453
2009,Cuarto,Santa Cruz de Tenerife,362
2009,Cuarto,Cantabria,90
2009,Cuarto,Ávila,17
2009,Cuarto,Burgos,41
2009,Cuarto,León,78
2009,Cuarto,Palencia,18
2009,Cuarto,Salamanca,41
2009,Cuarto,Segovia,15
2009,Cuarto,Soria,6
2009,Cuarto,Valladolid,106
2009,Cuarto,Zamora,15
2009,Cuarto,Albacete,74
2009,Cuarto,Ciudad Real,99
2009,Cuarto,Cuenca,41
2009,Cuarto,Guadalajara,80
2009,Cuarto,Toledo,194
2009,Cuarto,Barcelona,1013
2009,Cuarto,Girona,228
2009,Cuarto,Lleida,67
2009,Cuarto,Tarragona,201
2009,Cuarto,Alicante/Alacant,528
2009,Cuarto,Castellón/Castelló,124
2009,Cuarto,Valencia/València,411
2009,Cuarto,Badajoz,117
2009,Cuarto,Cáceres,48
2009,Cuarto,A Coruña,103
2009,Cuarto,Lugo,40
2009,Cuarto,Ourense,40
2009,Cuarto,Pontevedra,131
2009,Cuarto,Madrid,1531
2009,Cuarto,Murcia,462
2009,Cuarto,Navarra,79
2009,Cuarto,Araba/Álava,20
2009,Cuarto,Gipuzkoa,73
2009,Cuarto,Bizkaia,138
2009,Cuarto,La Rioja,58
2009,Cuarto,Ceuta,11
2009,Cuarto,Melilla,3
2010,Primero,Almería,99
2010,Primero,Cádiz,247
2010,Primero,Córdoba,87
2010,Primero,Granada,116
2010,Primero,Huelva,131
2010,Primero,Jaén,100
2010,Primero,Málaga,217
2010,Primero,Sevilla,408
2010,Primero,Huesca,20
2010,Primero,Teruel,19
2010,Primero,Zaragoza,115
2010,Primero,Asturias,199
2010,Primero,Illes Balears,266
2010,Primero,Las Palmas,475
2010,Primero,Santa Cruz de Tenerife,304
2010,Primero,Cantabria,84
2010,Primero,Ávila,36
2010,Primero,Burgos,57
2010,Primero,León,97
2010,Primero,Palencia,27
2010,Primero,Salamanca,34
2010,Primero,Segovia,16
2010,Primero,Soria,20
2010,Primero,Valladolid,112
2010,Primero,Zamora,20
2010,Primero,Albacete,81
2010,Primero,Ciudad Real,130
2010,Primero,Cuenca,40
2010,Primero,Guadalajara,66
2010,Primero,Toledo,236
2010,Primero,Barcelona,1063
2010,Primero,Girona,188
2010,Primero,Lleida,52
2010,Primero,Tarragona,221
2010,Primero,Alicante/Alacant,499
2010,Primero,Castellón/Castelló,114
2010,Primero,Valencia/València,501
2010,Primero,Badajoz,132
2010,Primero,Cáceres,46
2010,Primero,A Coruña,104
2010,Primero,Lugo,47
2010,Primero,Ourense,50
2010,Primero,Pontevedra,119
2010,Primero,Madrid,1450
2010,Primero,Murcia,427
2010,Primero,Navarra,63
2010,Primero,Araba/Álava,16
2010,Primero,Gipuzkoa,69
2010,Primero,Bizkaia,113
2010,Primero,La Rioja,50
2010,Primero,Ceuta,15
2010,Primero,Melilla,2
2010,Segundo,Almería,112
2010,Segundo,Cádiz,314
2010,Segundo,Córdoba,101
2010,Segundo,Granada,98
2010,Segundo,Huelva,161
2010,Segundo,Jaén,93
2010,Segundo,Málaga,252
2010,Segundo,Sevilla,481
2010,Segundo,Huesca,19
2010,Segundo,Teruel,15
2010,Segundo,Zaragoza,133
2010,Segundo,Asturias,208
2010,Segundo,Illes Balears,424
2010,Segundo,Las Palmas,400
2010,Segundo,Santa Cruz de Tenerife,269
2010,Segundo,Cantabria,77
2010,Segundo,Ávila,28
2010,Segundo,Burgos,51
2010,Segundo,León,83
2010,Segundo,Palencia,22
2010,Segundo,Salamanca,23
2010,Segundo,Segovia,27
2010,Segundo,Soria,20
2010,Segundo,Valladolid,100
2010,Segundo,Zamora,14
2010,Segundo,Albacete,72
2010,Segundo,Ciudad Real,108
2010,Segundo,Cuenca,24
2010,Segundo,Guadalajara,93
2010,Segundo,Toledo,234
2010,Segundo,Barcelona,1071
2010,Segundo,Girona,188
2010,Segundo,Lleida,73
2010,Segundo,Tarragona,238
2010,Segundo,Alicante/Alacant,588
2010,Segundo,Castellón/Castelló,109
2010,Segundo,Valencia/València,525
2010,Segundo,Badajoz,161
2010,Segundo,Cáceres,58
2010,Segundo,A Coruña,83
2010,Segundo,Lugo,50
2010,Segundo,Ourense,78
2010,Segundo,Pontevedra,140
2010,Segundo,Madrid,1582
2010,Segundo,Murcia,499
2010,Segundo,Navarra,82
2010,Segundo,Araba/Álava,34
2010,Segundo,Gipuzkoa,73
2010,Segundo,Bizkaia,124
2010,Segundo,La Rioja,63
2010,Segundo,Ceuta,14
2010,Segundo,Melilla,1
2010,Tercero,Almería,93
2010,Tercero,Cádiz,279
2010,Tercero,Córdoba,105
2010,Tercero,Granada,106
2010,Tercero,Huelva,165
2010,Tercero,Jaén,117
2010,Tercero,Málaga,287
2010,Tercero,Sevilla,460
2010,Tercero,Huesca,25
2010,Tercero,Teruel,13
2010,Tercero,Zaragoza,119
2010,Tercero,Asturias,207
2010,Tercero,Illes Balears,363
2010,Tercero,Las Palmas,310
2010,Tercero,Santa Cruz de Tenerife,327
2010,Tercero,Cantabria,88
2010,Tercero,Ávila,25
2010,Tercero,Burgos,66
2010,Tercero,León,111
2010,Tercero,Palencia,16
2010,Tercero,Salamanca,20
2010,Tercero,Segovia,36
2010,Tercero,Soria,21
2010,Tercero,Valladolid,122
2010,Tercero,Zamora,12
2010,Tercero,Albacete,76
2010,Tercero,Ciudad Real,125
2010,Tercero,Cuenca,31
2010,Tercero,Guadalajara,86
2010,Tercero,Toledo,166
2010,Tercero,Barcelona,1116
2010,Tercero,Girona,257
2010,Tercero,Lleida,70
2010,Tercero,Tarragona,276
2010,Tercero,Alicante/Alacant,692
2010,Tercero,Castellón/Castelló,149
2010,Tercero,Valencia/València,475
2010,Tercero,Badajoz,144
2010,Tercero,Cáceres,58
2010,Tercero,A Coruña,134
2010,Tercero,Lugo,57
2010,Tercero,Ourense,40
2010,Tercero,Pontevedra,119
2010,Tercero,Madrid,1570
2010,Tercero,Murcia,576
2010,Tercero,Navarra,87
2010,Tercero,Araba/Álava,65
2010,Tercero,Gipuzkoa,88
2010,Tercero,Bizkaia,128
2010,Tercero,La Rioja,80
2010,Tercero,Ceuta,17
2010,Tercero,Melilla,0
2010,Cuarto,Almería,62
2010,Cuarto,Cádiz,263
2010,Cuarto,Córdoba,90
2010,Cuarto,Granada,87
2010,Cuarto,Huelva,141
2010,Cuarto,Jaén,83
2010,Cuarto,Málaga,258
2010,Cuarto,Sevilla,382
2010,Cuarto,Huesca,13
2010,Cuarto,Teruel,11
2010,Cuarto,Zaragoza,101
2010,Cuarto,Asturias,204
2010,Cuarto,Illes Balears,215
2010,Cuarto,Las Palmas,333
2010,Cuarto,Santa Cruz de Tenerife,301
2010,Cuarto,Cantabria,80
2010,Cuarto,Ávila,29
2010,Cuarto,Burgos,50
2010,Cuarto,León,104
2010,Cuarto,Palencia,15
2010,Cuarto,Salamanca,17
2010,Cuarto,Segovia,12
2010,Cuarto,Soria,23
2010,Cuarto,Valladolid,160
2010,Cuarto,Zamora,25
2010,Cuarto,Albacete,70
2010,Cuarto,Ciudad Real,125
2010,Cuarto,Cuenca,35
2010,Cuarto,Guadalajara,52
2010,Cuarto,Toledo,204
2010,Cuarto,Barcelona,885
2010,Cuarto,Girona,189
2010,Cuarto,Lleida,70
2010,Cuarto,Tarragona,197
2010,Cuarto,Alicante/Alacant,455
2010,Cuarto,Castellón/Castelló,140
2010,Cuarto,Valencia/València,465
2010,Cuarto,Badajoz,111
2010,Cuarto,Cáceres,54
2010,Cuarto,A Coruña,81
2010,Cuarto,Lugo,47
2010,Cuarto,Ourense,50
2010,Cuarto,Pontevedra,143
2010,Cuarto,Madrid,1374
2010,Cuarto,Murcia,392
2010,Cuarto,Navarra,69
2010,Cuarto,Araba/Álava,56
2010,Cuarto,Gipuzkoa,77
2010,Cuarto,Bizkaia,151
2010,Cuarto,La Rioja,68
2010,Cuarto,Ceuta,24
2010,Cuarto,Melilla,0
2011,Primero,Almería,74
2011,Primero,Cádiz,224
2011,Primero,Córdoba,101
2011,Primero,Granada,107
2011,Primero,Huelva,110
2011,Primero,Jaén,86
2011,Primero,Málaga,313
2011,Primero,Sevilla,450
2011,Primero,Huesca,25
2011,Primero,Teruel,13
2011,Primero,Zaragoza,127
2011,Primero,Asturias,169
2011,Primero,Illes Balears,213
2011,Primero,Las Palmas,269
2011,Primero,Santa Cruz de Tenerife,293
2011,Primero,Cantabria,82
2011,Primero,Ávila,28
2011,Primero,Burgos,60
2011,Primero,León,105
2011,Primero,Palencia,24
2011,Primero,Salamanca,27
2011,Primero,Segovia,18
2011,Primero,Soria,26
2011,Primero,Valladolid,96
2011,Primero,Zamora,17
2011,Primero,Albacete,74
2011,Primero,Ciudad Real,87
2011,Primero,Cuenca,33
2011,Primero,Guadalajara,93
2011,Primero,Toledo,166
2011,Primero,Barcelona,878
2011,Primero,Girona,176
2011,Primero,Lleida,65
2011,Primero,Tarragona,216
2011,Primero,Alicante/Alacant,580
2011,Primero,Castellón/Castelló,128
2011,Primero,Valencia/València,414
2011,Primero,Badajoz,162
2011,Primero,Cáceres,50
2011,Primero,A Coruña,84
2011,Primero,Lugo,49
2011,Primero,Ourense,30
2011,Primero,Pontevedra,123
2011,Primero,Madrid,1445
2011,Primero,Murcia,493
2011,Primero,Navarra,66
2011,Primero,Araba/Álava,36
2011,Primero,Gipuzkoa,89
2011,Primero,Bizkaia,94
2011,Primero,La Rioja,71
2011,Primero,Ceuta,38
2011,Primero,Melilla,0
2011,Segundo,Almería,63
2011,Segundo,Cádiz,203
2011,Segundo,Córdoba,114
2011,Segundo,Granada,91
2011,Segundo,Huelva,147
2011,Segundo,Jaén,85
2011,Segundo,Málaga,246
2011,Segundo,Sevilla,507
2011,Segundo,Huesca,18
2011,Segundo,Teruel,21
2011,Segundo,Zaragoza,137
2011,Segundo,Asturias,193
2011,Segundo,Illes Balears,206
2011,Segundo,Las Palmas,359
2011,Segundo,Santa Cruz de Tenerife,299
2011,Segundo,Cantabria,76
2011,Segundo,Ávila,40
2011,Segundo,Burgos,75
2011,Segundo,León,80
2011,Segundo,Palencia,19
2011,Segundo,Salamanca,20
2011,Segundo,Segovia,20
2011,Segundo,Soria,21
2011,Segundo,Valladolid,79
2011,Segundo,Zamora,11
2011,Segundo,Albacete,94
2011,Segundo,Ciudad Real,107
2011,Segundo,Cuenca,48
2011,Segundo,Guadalajara,26
2011,Segundo,Toledo,186
2011,Segundo,Barcelona,1000
2011,Segundo,Girona,194
2011,Segundo,Lleida,65
2011,Segundo,Tarragona,212
2011,Segundo,Alicante/Alacant,646
2011,Segundo,Castellón/Castelló,149
2011,Segundo,Valencia/València,434
2011,Segundo,Badajoz,93
2011,Segundo,Cáceres,34
2011,Segundo,A Coruña,95
2011,Segundo,Lugo,49
2011,Segundo,Ourense,37
2011,Segundo,Pontevedra,105
2011,Segundo,Madrid,1469
2011,Segundo,Murcia,363
2011,Segundo,Navarra,80
2011,Segundo,Araba/Álava,84
2011,Segundo,Gipuzkoa,79
2011,Segundo,Bizkaia,73
2011,Segundo,La Rioja,70
2011,Segundo,Ceuta,34
2011,Segundo,Melilla,2
2011,Tercero,Almería,83
2011,Tercero,Cádiz,260
2011,Tercero,Córdoba,119
2011,Tercero,Granada,102
2011,Tercero,Huelva,125
2011,Tercero,Jaén,105
2011,Tercero,Málaga,250
2011,Tercero,Sevilla,448
2011,Tercero,Huesca,24
2011,Tercero,Teruel,20
2011,Tercero,Zaragoza,141
2011,Tercero,Asturias,190
2011,Tercero,Illes Balears,244
2011,Tercero,Las Palmas,376
2011,Tercero,Santa Cruz de Tenerife,333
2011,Tercero,Cantabria,74
2011,Tercero,Ávila,60
2011,Tercero,Burgos,63
2011,Tercero,León,78
2011,Tercero,Palencia,38
2011,Tercero,Salamanca,15
2011,Tercero,Segovia,21
2011,Tercero,Soria,22
2011,Tercero,Valladolid,82
2011,Tercero,Zamora,27
2011,Tercero,Albacete,98
2011,Tercero,Ciudad Real,110
2011,Tercero,Cuenca,46
2011,Tercero,Guadalajara,58
2011,Tercero,Toledo,157
2011,Tercero,Barcelona,1079
2011,Tercero,Girona,238
2011,Tercero,Lleida,68
2011,Tercero,Tarragona,247
2011,Tercero,Alicante/Alacant,671
2011,Tercero,Castellón/Castelló,112
2011,Tercero,Valencia/València,438
2011,Tercero,Badajoz,153
2011,Tercero,Cáceres,64
2011,Tercero,A Coruña,105
2011,Tercero,Lugo,60
2011,Tercero,Ourense,42
2011,Tercero,Pontevedra,113
2011,Tercero,Madrid,1487
2011,Tercero,Murcia,441
2011,Tercero,Navarra,68
2011,Tercero,Araba/Álava,61
2011,Tercero,Gipuzkoa,87
2011,Tercero,Bizkaia,103
2011,Tercero,La Rioja,65
2011,Tercero,Ceuta,10
2011,Tercero,Melilla,0
2011,Cuarto,Almería,49
2011,Cuarto,Cádiz,288
2011,Cuarto,Córdoba,113
2011,Cuarto,Granada,89
2011,Cuarto,Huelva,129
2011,Cuarto,Jaén,83
2011,Cuarto,Málaga,270
2011,Cuarto,Sevilla,378
2011,Cuarto,Huesca,31
2011,Cuarto,Teruel,14
2011,Cuarto,Zaragoza,138
2011,Cuarto,Asturias,217
2011,Cuarto,Illes Balears,168
2011,Cuarto,Las Palmas,309
2011,Cuarto,Santa Cruz de Tenerife,240
2011,Cuarto,Cantabria,71
2011,Cuarto,Ávila,24
2011,Cuarto,Burgos,70
2011,Cuarto,León,125
2011,Cuarto,Palencia,12
2011,Cuarto,Salamanca,14
2011,Cuarto,Segovia,22
2011,Cuarto,Soria,17
2011,Cuarto,Valladolid,96
2011,Cuarto,Zamora,21
2011,Cuarto,Albacete,73
2011,Cuarto,Ciudad Real,91
2011,Cuarto,Cuenca,23
2011,Cuarto,Guadalajara,51
2011,Cuarto,Toledo,157
2011,Cuarto,Barcelona,952
2011,Cuarto,Girona,236
2011,Cuarto,Lleida,55
2011,Cuarto,Tarragona,201
2011,Cuarto,Alicante/Alacant,565
2011,Cuarto,Castellón/Castelló,115
2011,Cuarto,Valencia/València,459
2011,Cuarto,Badajoz,134
2011,Cuarto,Cáceres,81
2011,Cuarto,A Coruña,113
2011,Cuarto,Lugo,35
2011,Cuarto,Ourense,82
2011,Cuarto,Pontevedra,127
2011,Cuarto,Madrid,1323
2011,Cuarto,Murcia,336
2011,Cuarto,Navarra,72
2011,Cuarto,Araba/Álava,63
2011,Cuarto,Gipuzkoa,85
2011,Cuarto,Bizkaia,99
2011,Cuarto,La Rioja,50
2011,Cuarto,Ceuta,11
2011,Cuarto,Melilla,0
2012,Primero,Almería,80
2012,Primero,Cádiz,331
2012,Primero,Córdoba,106
2012,Primero,Granada,91
2012,Primero,Huelva,117
2012,Primero,Jaén,100
2012,Primero,Málaga,288
2012,Primero,Sevilla,373
2012,Primero,Huesca,13
2012,Primero,Teruel,11
2012,Primero,Zaragoza,117
2012,Primero,Asturias,163
2012,Primero,Illes Balears,179
2012,Primero,Las Palmas,268
2012,Primero,Santa Cruz de Tenerife,224
2012,Primero,Cantabria,83
2012,Primero,Ávila,27
2012,Primero,Burgos,46
2012,Primero,León,110
2012,Primero,Palencia,14
2012,Primero,Salamanca,20
2012,Primero,Segovia,19
2012,Primero,Soria,13
2012,Primero,Valladolid,100
2012,Primero,Zamora,21
2012,Primero,Albacete,66
2012,Primero,Ciudad Real,107
2012,Primero,Cuenca,41
2012,Primero,Guadalajara,46
2012,Primero,Toledo,141
2012,Primero,Barcelona,1004
2012,Primero,Girona,204
2012,Primero,Lleida,59
2012,Primero,Tarragona,206
2012,Primero,Alicante/Alacant,437
2012,Primero,Castellón/Castelló,125
2012,Primero,Valencia/València,456
2012,Primero,Badajoz,124
2012,Primero,Cáceres,82
2012,Primero,A Coruña,104
2012,Primero,Lugo,53
2012,Primero,Ourense,80
2012,Primero,Pontevedra,136
2012,Primero,Madrid,1347
2012,Primero,Murcia,297
2012,Primero,Navarra,55
2012,Primero,Araba/Álava,27
2012,Primero,Gipuzkoa,61
2012,Primero,Bizkaia,80
2012,Primero,La Rioja,61
2012,Primero,Ceuta,30
2012,Primero,Melilla,0
2012,Segundo,Almería,111
2012,Segundo,Cádiz,304
2012,Segundo,Córdoba,105
2012,Segundo,Granada,99
2012,Segundo,Huelva,149
2012,Segundo,Jaén,106
2012,Segundo,Málaga,284
2012,Segundo,Sevilla,409
2012,Segundo,Huesca,25
2012,Segundo,Teruel,22
2012,Segundo,Zaragoza,122
2012,Segundo,Asturias,195
2012,Segundo,Illes Balears,213
2012,Segundo,Las Palmas,308
2012,Segundo,Santa Cruz de Tenerife,315
2012,Segundo,Cantabria,95
2012,Segundo,Ávila,30
2012,Segundo,Burgos,43
2012,Segundo,León,148
2012,Segundo,Palencia,20
2012,Segundo,Salamanca,15
2012,Segundo,Segovia,20
2012,Segundo,Soria,12
2012,Segundo,Valladolid,94
2012,Segundo,Zamora,17
2012,Segundo,Albacete,64
2012,Segundo,Ciudad Real,96
2012,Segundo,Cuenca,66
2012,Segundo,Guadalajara,63
2012,Segundo,Toledo,114
2012,Segundo,Barcelona,1066
2012,Segundo,Girona,216
2012,Segundo,Lleida,63
2012,Segundo,Tarragona,244
2012,Segundo,Alicante/Alacant,583
2012,Segundo,Castellón/Castelló,108
2012,Segundo,Valencia/València,511
2012,Segundo,Badajoz,138
2012,Segundo,Cáceres,75
2012,Segundo,A Coruña,90
2012,Segundo,Lugo,45
2012,Segundo,Ourense,77
2012,Segundo,Pontevedra,157
2012,Segundo,Madrid,1416
2012,Segundo,Murcia,286
2012,Segundo,Navarra,69
2012,Segundo,Araba/Álava,62
2012,Segundo,Gipuzkoa,74
2012,Segundo,Bizkaia,106
2012,Segundo,La Rioja,65
2012,Segundo,Ceuta,22
2012,Segundo,Melilla,2
2012,Tercero,Almería,85
2012,Tercero,Cádiz,253
2012,Tercero,Córdoba,116
2012,Tercero,Granada,107
2012,Tercero,Huelva,108
2012,Tercero,Jaén,91
2012,Tercero,Málaga,267
2012,Tercero,Sevilla,532
2012,Tercero,Huesca,22
2012,Tercero,Teruel,13
2012,Tercero,Zaragoza,151
2012,Tercero,Asturias,205
2012,Tercero,Illes Balears,280
2012,Tercero,Las Palmas,284
2012,Tercero,Santa Cruz de Tenerife,383
2012,Tercero,Cantabria,71
2012,Tercero,Ávila,30
2012,Tercero,Burgos,53
2012,Tercero,León,89
2012,Tercero,Palencia,25
2012,Tercero,Salamanca,11
2012,Tercero,Segovia,20
2012,Tercero,Soria,10
2012,Tercero,Valladolid,113
2012,Tercero,Zamora,20
2012,Tercero,Albacete,64
2012,Tercero,Ciudad Real,104
2012,Tercero,Cuenca,88
2012,Tercero,Guadalajara,75
2012,Tercero,Toledo,123
2012,Tercero,Barcelona,1064
2012,Tercero,Girona,231
2012,Tercero,Lleida,70
2012,Tercero,Tarragona,198
2012,Tercero,Alicante/Alacant,599
2012,Tercero,Castellón/Castelló,128
2012,Tercero,Valencia/València,336
2012,Tercero,Badajoz,119
2012,Tercero,Cáceres,71
2012,Tercero,A Coruña,94
2012,Tercero,Lugo,49
2012,Tercero,Ourense,79
2012,Tercero,Pontevedra,163
2012,Tercero,Madrid,1372
2012,Tercero,Murcia,314
2012,Tercero,Navarra,70
2012,Tercero,Araba/Álava,27
2012,Tercero,Gipuzkoa,61
2012,Tercero,Bizkaia,101
2012,Tercero,La Rioja,70
2012,Tercero,Ceuta,21
2012,Tercero,Melilla,1
2012,Cuarto,Almería,57
2012,Cuarto,Cádiz,317
2012,Cuarto,Córdoba,85
2012,Cuarto,Granada,81
2012,Cuarto,Huelva,94
2012,Cuarto,Jaén,117
2012,Cuarto,Málaga,258
2012,Cuarto,Sevilla,470
2012,Cuarto,Huesca,18
2012,Cuarto,Teruel,9
2012,Cuarto,Zaragoza,105
2012,Cuarto,Asturias,216
2012,Cuarto,Illes Balears,158
2012,Cuarto,Las Palmas,296
2012,Cuarto,Santa Cruz de Tenerife,282
2012,Cuarto,Cantabria,70
2012,Cuarto,Ávila,48
2012,Cuarto,Burgos,53
2012,Cuarto,León,40
2012,Cuarto,Palencia,11
2012,Cuarto,Salamanca,9
2012,Cuarto,Segovia,17
2012,Cuarto,Soria,18
2012,Cuarto,Valladolid,93
2012,Cuarto,Zamora,16
2012,Cuarto,Albacete,68
2012,Cuarto,Ciudad Real,85
2012,Cuarto,Cuenca,52
2012,Cuarto,Guadalajara,78
2012,Cuarto,Toledo,110
2012,Cuarto,Barcelona,904
2012,Cuarto,Girona,186
2012,Cuarto,Lleida,53
2012,Cuarto,Tarragona,213
2012,Cuarto,Alicante/Alacant,448
2012,Cuarto,Castellón/Castelló,104
2012,Cuarto,Valencia/València,369
2012,Cuarto,Badajoz,103
2012,Cuarto,Cáceres,67
2012,Cuarto,A Coruña,71
2012,Cuarto,Lugo,43
2012,Cuarto,Ourense,77
2012,Cuarto,Pontevedra,125
2012,Cuarto,Madrid,1316
2012,Cuarto,Murcia,252
2012,Cuarto,Navarra,63
2012,Cuarto,Araba/Álava,22
2012,Cuarto,Gipuzkoa,74
2012,Cuarto,Bizkaia,113
2012,Cuarto,La Rioja,61
2012,Cuarto,Ceuta,27
2012,Cuarto,Melilla,2
2013,Primero,Almería,52
2013,Primero,Cádiz,219
2013,Primero,Córdoba,109
2013,Primero,Granada,73
2013,Primero,Huelva,95
2013,Primero,Jaén,90
2013,Primero,Málaga,244
2013,Primero,Sevilla,400
2013,Primero,Huesca,16
2013,Primero,Teruel,7
2013,Primero,Zaragoza,106
2013,Primero,Asturias,167
2013,Primero,Illes Balears,185
2013,Primero,Las Palmas,270
2013,Primero,Santa Cruz de Tenerife,281
2013,Primero,Cantabria,67
2013,Primero,Ávila,25
2013,Primero,Burgos,42
2013,Primero,León,58
2013,Primero,Palencia,15
2013,Primero,Salamanca,11
2013,Primero,Segovia,21
2013,Primero,Soria,13
2013,Primero,Valladolid,85
2013,Primero,Zamora,12
2013,Primero,Albacete,50
2013,Primero,Ciudad Real,85
2013,Primero,Cuenca,35
2013,Primero,Guadalajara,63
2013,Primero,Toledo,108
2013,Primero,Barcelona,941
2013,Primero,Girona,210
2013,Primero,Lleida,64
2013,Primero,Tarragona,200
2013,Primero,Alicante/Alacant,430
2013,Primero,Castellón/Castelló,102
2013,Primero,Valencia/València,370
2013,Primero,Badajoz,125
2013,Primero,Cáceres,68
2013,Primero,A Coruña,82
2013,Primero,Lugo,39
2013,Primero,Ourense,70
2013,Primero,Pontevedra,122
2013,Primero,Madrid,1259
2013,Primero,Murcia,305
2013,Primero,Navarra,78
2013,Primero,Araba/Álava,26
2013,Primero,Gipuzkoa,57
2013,Primero,Bizkaia,117
2013,Primero,La Rioja,57
2013,Primero,Ceuta,23
2013,Primero,Melilla,1
2013,Segundo,Almería,131
2013,Segundo,Cádiz,247
2013,Segundo,Córdoba,111
2013,Segundo,Granada,95
2013,Segundo,Huelva,98
2013,Segundo,Jaén,74
2013,Segundo,Málaga,284
2013,Segundo,Sevilla,522
2013,Segundo,Huesca,27
2013,Segundo,Teruel,13
2013,Segundo,Zaragoza,118
2013,Segundo,Asturias,176
2013,Segundo,Illes Balears,167
2013,Segundo,Las Palmas,244
2013,Segundo,Santa Cruz de Tenerife,304
2013,Segundo,Cantabria,85
2013,Segundo,Ávila,27
2013,Segundo,Burgos,47
2013,Segundo,León,55
2013,Segundo,Palencia,15
2013,Segundo,Salamanca,19
2013,Segundo,Segovia,24
2013,Segundo,Soria,16
2013,Segundo,Valladolid,98
2013,Segundo,Zamora,11
2013,Segundo,Albacete,100
2013,Segundo,Ciudad Real,103
2013,Segundo,Cuenca,91
2013,Segundo,Guadalajara,88
2013,Segundo,Toledo,94
2013,Segundo,Barcelona,896
2013,Segundo,Girona,194
2013,Segundo,Lleida,49
2013,Segundo,Tarragona,124
2013,Segundo,Alicante/Alacant,465
2013,Segundo,Castellón/Castelló,108
2013,Segundo,Valencia/València,460
2013,Segundo,Badajoz,121
2013,Segundo,Cáceres,73
2013,Segundo,A Coruña,110
2013,Segundo,Lugo,54
2013,Segundo,Ourense,87
2013,Segundo,Pontevedra,127
2013,Segundo,Madrid,1284
2013,Segundo,Murcia,277
2013,Segundo,Navarra,74
2013,Segundo,Araba/Álava,38
2013,Segundo,Gipuzkoa,81
2013,Segundo,Bizkaia,110
2013,Segundo,La Rioja,51
2013,Segundo,Ceuta,35
2013,Segundo,Melilla,2
2013,Tercero,Almería,149
2013,Tercero,Cádiz,228
2013,Tercero,Córdoba,130
2013,Tercero,Granada,86
2013,Tercero,Huelva,119
2013,Tercero,Jaén,89
2013,Tercero,Málaga,276
2013,Tercero,Sevilla,512
2013,Tercero,Huesca,25
2013,Tercero,Teruel,6
2013,Tercero,Zaragoza,130
2013,Tercero,Asturias,205
2013,Tercero,Illes Balears,213
2013,Tercero,Las Palmas,284
2013,Tercero,Santa Cruz de Tenerife,268
2013,Tercero,Cantabria,93
2013,Tercero,Ávila,27
2013,Tercero,Burgos,43
2013,Tercero,León,62
2013,Tercero,Palencia,37
2013,Tercero,Salamanca,28
2013,Tercero,Segovia,22
2013,Tercero,Soria,18
2013,Tercero,Valladolid,110
2013,Tercero,Zamora,12
2013,Tercero,Albacete,94
2013,Tercero,Ciudad Real,132
2013,Tercero,Cuenca,81
2013,Tercero,Guadalajara,45
2013,Tercero,Toledo,93
2013,Tercero,Barcelona,929
2013,Tercero,Girona,194
2013,Tercero,Lleida,60
2013,Tercero,Tarragona,161
2013,Tercero,Alicante/Alacant,534
2013,Tercero,Castellón/Castelló,88
2013,Tercero,Valencia/València,448
2013,Tercero,Badajoz,160
2013,Tercero,Cáceres,75
2013,Tercero,A Coruña,93
2013,Tercero,Lugo,49
2013,Tercero,Ourense,85
2013,Tercero,Pontevedra,149
2013,Tercero,Madrid,1261
2013,Tercero,Murcia,283
2013,Tercero,Navarra,78
2013,Tercero,Araba/Álava,51
2013,Tercero,Gipuzkoa,78
2013,Tercero,Bizkaia,100
2013,Tercero,La Rioja,34
2013,Tercero,Ceuta,22
2013,Tercero,Melilla,0
2013,Cuarto,Almería,145
2013,Cuarto,Cádiz,254
2013,Cuarto,Córdoba,105
2013,Cuarto,Granada,79
2013,Cuarto,Huelva,94
2013,Cuarto,Jaén,71
2013,Cuarto,Málaga,260
2013,Cuarto,Sevilla,454
2013,Cuarto,Huesca,16
2013,Cuarto,Teruel,14
2013,Cuarto,Zaragoza,139
2013,Cuarto,Asturias,157
2013,Cuarto,Illes Balears,142
2013,Cuarto,Las Palmas,295
2013,Cuarto,Santa Cruz de Tenerife,272
2013,Cuarto,Cantabria,84
2013,Cuarto,Ávila,33
2013,Cuarto,Burgos,41
2013,Cuarto,León,56
2013,Cuarto,Palencia,23
2013,Cuarto,Salamanca,26
2013,Cuarto,Segovia,13
2013,Cuarto,Soria,10
2013,Cuarto,Valladolid,86
2013,Cuarto,Zamora,11
2013,Cuarto,Albacete,97
2013,Cuarto,Ciudad Real,128
2013,Cuarto,Cuenca,40
2013,Cuarto,Guadalajara,82
2013,Cuarto,Toledo,107
2013,Cuarto,Barcelona,905
2013,Cuarto,Girona,224
2013,Cuarto,Lleida,50
2013,Cuarto,Tarragona,202
2013,Cuarto,Alicante/Alacant,517
2013,Cuarto,Castellón/Castelló,77
2013,Cuarto,Valencia/València,457
2013,Cuarto,Badajoz,94
2013,Cuarto,Cáceres,45
2013,Cuarto,A Coruña,129
2013,Cuarto,Lugo,60
2013,Cuarto,Ourense,83
2013,Cuarto,Pontevedra,151
2013,Cuarto,Madrid,1305
2013,Cuarto,Murcia,301
2013,Cuarto,Navarra,77
2013,Cuarto,Araba/Álava,42
2013,Cuarto,Gipuzkoa,52
2013,Cuarto,Bizkaia,87
2013,Cuarto,La Rioja,20
2013,Cuarto,Ceuta,8
2013,Cuarto,Melilla,8
2014,Primero,Almería,192
2014,Primero,Cádiz,199
2014,Primero,Córdoba,138
2014,Primero,Granada,84
2014,Primero,Huelva,110
2014,Primero,Jaén,91
2014,Primero,Málaga,257
2014,Primero,Sevilla,436
2014,Primero,Huesca,22
2014,Primero,Teruel,6
2014,Primero,Zaragoza,127
2014,Primero,Asturias,164
2014,Primero,Illes Balears,137
2014,Primero,Las Palmas,314
2014,Primero,Santa Cruz de Tenerife,232
2014,Primero,Cantabria,84
2014,Primero,Ávila,25
2014,Primero,Burgos,40
2014,Primero,León,40
2014,Primero,Palencia,26
2014,Primero,Salamanca,25
2014,Primero,Segovia,17
2014,Primero,Soria,17
2014,Primero,Valladolid,105
2014,Primero,Zamora,14
2014,Primero,Albacete,73
2014,Primero,Ciudad Real,117
2014,Primero,Cuenca,39
2014,Primero,Guadalajara,44
2014,Primero,Toledo,111
2014,Primero,Barcelona,872
2014,Primero,Girona,162
2014,Primero,Lleida,63
2014,Primero,Tarragona,211
2014,Primero,Alicante/Alacant,449
2014,Primero,Castellón/Castelló,100
2014,Primero,Valencia/València,424
2014,Primero,Badajoz,104
2014,Primero,Cáceres,51
2014,Primero,A Coruña,97
2014,Primero,Lugo,43
2014,Primero,Ourense,72
2014,Primero,Pontevedra,116
2014,Primero,Madrid,1295
2014,Primero,Murcia,254
2014,Primero,Navarra,65
2014,Primero,Araba/Álava,26
2014,Primero,Gipuzkoa,55
2014,Primero,Bizkaia,93
2014,Primero,La Rioja,24
2014,Primero,Ceuta,5
2014,Primero,Melilla,0
2014,Segundo,Almería,163
2014,Segundo,Cádiz,231
2014,Segundo,Córdoba,109
2014,Segundo,Granada,110
2014,Segundo,Huelva,138
2014,Segundo,Jaén,83
2014,Segundo,Málaga,273
2014,Segundo,Sevilla,433
2014,Segundo,Huesca,26
2014,Segundo,Teruel,12
2014,Segundo,Zaragoza,138
2014,Segundo,Asturias,229
2014,Segundo,Illes Balears,152
2014,Segundo,Las Palmas,267
2014,Segundo,Santa Cruz de Tenerife,264
2014,Segundo,Cantabria,107
2014,Segundo,Ávila,20
2014,Segundo,Burgos,51
2014,Segundo,León,53
2014,Segundo,Palencia,23
2014,Segundo,Salamanca,31
2014,Segundo,Segovia,20
2014,Segundo,Soria,21
2014,Segundo,Valladolid,101
2014,Segundo,Zamora,20
2014,Segundo,Albacete,90
2014,Segundo,Ciudad Real,105
2014,Segundo,Cuenca,38
2014,Segundo,Guadalajara,34
2014,Segundo,Toledo,85
2014,Segundo,Barcelona,1029
2014,Segundo,Girona,205
2014,Segundo,Lleida,51
2014,Segundo,Tarragona,202
2014,Segundo,Alicante/Alacant,473
2014,Segundo,Castellón/Castelló,123
2014,Segundo,Valencia/València,427
2014,Segundo,Badajoz,117
2014,Segundo,Cáceres,62
2014,Segundo,A Coruña,90
2014,Segundo,Lugo,61
2014,Segundo,Ourense,29
2014,Segundo,Pontevedra,133
2014,Segundo,Madrid,1354
2014,Segundo,Murcia,313
2014,Segundo,Navarra,81
2014,Segundo,Araba/Álava,8
2014,Segundo,Gipuzkoa,70
2014,Segundo,Bizkaia,101
2014,Segundo,La Rioja,53
2014,Segundo,Ceuta,8
2014,Segundo,Melilla,11
2014,Tercero,Almería,144
2014,Tercero,Cádiz,257
2014,Tercero,Córdoba,123
2014,Tercero,Granada,101
2014,Tercero,Huelva,134
2014,Tercero,Jaén,81
2014,Tercero,Málaga,298
2014,Tercero,Sevilla,516
2014,Tercero,Huesca,42
2014,Tercero,Teruel,10
2014,Tercero,Zaragoza,168
2014,Tercero,Asturias,197
2014,Tercero,Illes Balears,170
2014,Tercero,Las Palmas,301
2014,Tercero,Santa Cruz de Tenerife,295
2014,Tercero,Cantabria,104
2014,Tercero,Ávila,46
2014,Tercero,Burgos,47
2014,Tercero,León,42
2014,Tercero,Palencia,30
2014,Tercero,Salamanca,31
2014,Tercero,Segovia,19
2014,Tercero,Soria,18
2014,Tercero,Valladolid,128
2014,Tercero,Zamora,15
2014,Tercero,Albacete,91
2014,Tercero,Ciudad Real,126
2014,Tercero,Cuenca,41
2014,Tercero,Guadalajara,48
2014,Tercero,Toledo,111
2014,Tercero,Barcelona,844
2014,Tercero,Girona,215
2014,Tercero,Lleida,77
2014,Tercero,Tarragona,194
2014,Tercero,Alicante/Alacant,465
2014,Tercero,Castellón/Castelló,126
2014,Tercero,Valencia/València,521
2014,Tercero,Badajoz,141
2014,Tercero,Cáceres,58
2014,Tercero,A Coruña,114
2014,Tercero,Lugo,41
2014,Tercero,Ourense,30
2014,Tercero,Pontevedra,150
2014,Tercero,Madrid,1366
2014,Tercero,Murcia,337
2014,Tercero,Navarra,84
2014,Tercero,Araba/Álava,28
2014,Tercero,Gipuzkoa,89
2014,Tercero,Bizkaia,110
2014,Tercero,La Rioja,47
2014,Tercero,Ceuta,17
2014,Tercero,Melilla,19
2014,Cuarto,Almería,142
2014,Cuarto,Cádiz,270
2014,Cuarto,Córdoba,102
2014,Cuarto,Granada,120
2014,Cuarto,Huelva,96
2014,Cuarto,Jaén,92
2014,Cuarto,Málaga,293
2014,Cuarto,Sevilla,464
2014,Cuarto,Huesca,27
2014,Cuarto,Teruel,13
2014,Cuarto,Zaragoza,131
2014,Cuarto,Asturias,183
2014,Cuarto,Illes Balears,108
2014,Cuarto,Las Palmas,244
2014,Cuarto,Santa Cruz de Tenerife,280
2014,Cuarto,Cantabria,85
2014,Cuarto,Ávila,31
2014,Cuarto,Burgos,50
2014,Cuarto,León,40
2014,Cuarto,Palencia,22
2014,Cuarto,Salamanca,26
2014,Cuarto,Segovia,19
2014,Cuarto,Soria,17
2014,Cuarto,Valladolid,108
2014,Cuarto,Zamora,16
2014,Cuarto,Albacete,78
2014,Cuarto,Ciudad Real,130
2014,Cuarto,Cuenca,39
2014,Cuarto,Guadalajara,66
2014,Cuarto,Toledo,115
2014,Cuarto,Barcelona,806
2014,Cuarto,Girona,193
2014,Cuarto,Lleida,70
2014,Cuarto,Tarragona,148
2014,Cuarto,Alicante/Alacant,404
2014,Cuarto,Castellón/Castelló,116
2014,Cuarto,Valencia/València,440
2014,Cuarto,Badajoz,120
2014,Cuarto,Cáceres,51
2014,Cuarto,A Coruña,111
2014,Cuarto,Lugo,41
2014,Cuarto,Ourense,23
2014,Cuarto,Pontevedra,176
2014,Cuarto,Madrid,1297
2014,Cuarto,Murcia,327
2014,Cuarto,Navarra,58
2014,Cuarto,Araba/Álava,18
2014,Cuarto,Gipuzkoa,70
2014,Cuarto,Bizkaia,110
2014,Cuarto,La Rioja,56
2014,Cuarto,Ceuta,4
2014,Cuarto,Melilla,19
2015,Primero,Almería,127
2015,Primero,Cádiz,288
2015,Primero,Córdoba,129
2015,Primero,Granada,171
2015,Primero,Huelva,116
2015,Primero,Jaén,143
2015,Primero,Málaga,419
2015,Primero,Sevilla,505
2015,Primero,Huesca,41
2015,Primero,Teruel,16
2015,Primero,Zaragoza,140
2015,Primero,Asturias,190
2015,Primero,Illes Balears,150
2015,Primero,Las Palmas,251
2015,Primero,Santa Cruz de Tenerife,234
2015,Primero,Cantabria,85
2015,Primero,Ávila,19
2015,Primero,Burgos,34
2015,Primero,León,54
2015,Primero,Palencia,12
2015,Primero,Salamanca,27
2015,Primero,Segovia,14
2015,Primero,Soria,15
2015,Primero,Valladolid,102
2015,Primero,Zamora,27
2015,Primero,Albacete,106
2015,Primero,Ciudad Real,119
2015,Primero,Cuenca,32
2015,Primero,Guadalajara,79
2015,Primero,Toledo,90
2015,Primero,Barcelona,887
2015,Primero,Girona,153
2015,Primero,Lleida,78
2015,Primero,Tarragona,179
2015,Primero,Alicante/Alacant,452
2015,Primero,Castellón/Castelló,103
2015,Primero,Valencia/València,521
2015,Primero,Badajoz,89
2015,Primero,Cáceres,53
2015,Primero,A Coruña,121
2015,Primero,Lugo,55
2015,Primero,Ourense,28
2015,Primero,Pontevedra,120
2015,Primero,Madrid,1191
2015,Primero,Murcia,289
2015,Primero,Navarra,89
2015,Primero,Araba/Álava,12
2015,Primero,Gipuzkoa,68
2015,Primero,Bizkaia,93
2015,Primero,La Rioja,59
2015,Primero,Ceuta,5
2015,Primero,Melilla,28
2015,Segundo,Almería,208
2015,Segundo,Cádiz,282
2015,Segundo,Córdoba,130
2015,Segundo,Granada,202
2015,Segundo,Huelva,140
2015,Segundo,Jaén,174
2015,Segundo,Málaga,430
2015,Segundo,Sevilla,490
2015,Segundo,Huesca,33
2015,Segundo,Teruel,27
2015,Segundo,Zaragoza,135
2015,Segundo,Asturias,190
2015,Segundo,Illes Balears,191
2015,Segundo,Las Palmas,269
2015,Segundo,Santa Cruz de Tenerife,279
2015,Segundo,Cantabria,108
2015,Segundo,Ávila,21
2015,Segundo,Burgos,61
2015,Segundo,León,43
2015,Segundo,Palencia,19
2015,Segundo,Salamanca,27
2015,Segundo,Segovia,24
2015,Segundo,Soria,15
2015,Segundo,Valladolid,103
2015,Segundo,Zamora,35
2015,Segundo,Albacete,96
2015,Segundo,Ciudad Real,129
2015,Segundo,Cuenca,50
2015,Segundo,Guadalajara,73
2015,Segundo,Toledo,105
2015,Segundo,Barcelona,921
2015,Segundo,Girona,120
2015,Segundo,Lleida,75
2015,Segundo,Tarragona,207
2015,Segundo,Alicante/Alacant,435
2015,Segundo,Castellón/Castelló,89
2015,Segundo,Valencia/València,630
2015,Segundo,Badajoz,118
2015,Segundo,Cáceres,62
2015,Segundo,A Coruña,127
2015,Segundo,Lugo,67
2015,Segundo,Ourense,64
2015,Segundo,Pontevedra,139
2015,Segundo,Madrid,1375
2015,Segundo,Murcia,344
2015,Segundo,Navarra,65
2015,Segundo,Araba/Álava,25
2015,Segundo,Gipuzkoa,77
2015,Segundo,Bizkaia,115
2015,Segundo,La Rioja,55
2015,Segundo,Ceuta,25
2015,Segundo,Melilla,16
2015,Tercero,Almería,248
2015,Tercero,Cádiz,293
2015,Tercero,Córdoba,124
2015,Tercero,Granada,175
2015,Tercero,Huelva,135
2015,Tercero,Jaén,161
2015,Tercero,Málaga,407
2015,Tercero,Sevilla,533
2015,Tercero,Huesca,38
2015,Tercero,Teruel,9
2015,Tercero,Zaragoza,184
2015,Tercero,Asturias,223
2015,Tercero,Illes Balears,171
2015,Tercero,Las Palmas,295
2015,Tercero,Santa Cruz de Tenerife,320
2015,Tercero,Cantabria,77
2015,Tercero,Ávila,38
2015,Tercero,Burgos,53
2015,Tercero,León,61
2015,Tercero,Palencia,15
2015,Tercero,Salamanca,18
2015,Tercero,Segovia,21
2015,Tercero,Soria,13
2015,Tercero,Valladolid,124
2015,Tercero,Zamora,35
2015,Tercero,Albacete,84
2015,Tercero,Ciudad Real,149
2015,Tercero,Cuenca,65
2015,Tercero,Guadalajara,66
2015,Tercero,Toledo,147
2015,Tercero,Barcelona,1126
2015,Tercero,Girona,258
2015,Tercero,Lleida,66
2015,Tercero,Tarragona,227
2015,Tercero,Alicante/Alacant,495
2015,Tercero,Castellón/Castelló,106
2015,Tercero,Valencia/València,498
2015,Tercero,Badajoz,128
2015,Tercero,Cáceres,69
2015,Tercero,A Coruña,144
2015,Tercero,Lugo,52
2015,Tercero,Ourense,92
2015,Tercero,Pontevedra,159
2015,Tercero,Madrid,1318
2015,Tercero,Murcia,418
2015,Tercero,Navarra,61
2015,Tercero,Araba/Álava,39
2015,Tercero,Gipuzkoa,72
2015,Tercero,Bizkaia,114
2015,Tercero,La Rioja,62
2015,Tercero,Ceuta,7
2015,Tercero,Melilla,21
2015,Cuarto,Almería,174
2015,Cuarto,Cádiz,244
2015,Cuarto,Córdoba,118
2015,Cuarto,Granada,253
2015,Cuarto,Huelva,124
2015,Cuarto,Jaén,153
2015,Cuarto,Málaga,307
2015,Cuarto,Sevilla,493
2015,Cuarto,Huesca,43
2015,Cuarto,Teruel,14
2015,Cuarto,Zaragoza,153
2015,Cuarto,Asturias,185
2015,Cuarto,Illes Balears,154
2015,Cuarto,Las Palmas,302
2015,Cuarto,Santa Cruz de Tenerife,291
2015,Cuarto,Cantabria,82
2015,Cuarto,Ávila,33
2015,Cuarto,Burgos,47
2015,Cuarto,León,45
2015,Cuarto,Palencia,20
2015,Cuarto,Salamanca,24
2015,Cuarto,Segovia,13
2015,Cuarto,Soria,21
2015,Cuarto,Valladolid,99
2015,Cuarto,Zamora,29
2015,Cuarto,Albacete,71
2015,Cuarto,Ciudad Real,117
2015,Cuarto,Cuenca,45
2015,Cuarto,Guadalajara,48
2015,Cuarto,Toledo,152
2015,Cuarto,Barcelona,922
2015,Cuarto,Girona,121
2015,Cuarto,Lleida,75
2015,Cuarto,Tarragona,201
2015,Cuarto,Alicante/Alacant,460
2015,Cuarto,Castellón/Castelló,88
2015,Cuarto,Valencia/València,501
2015,Cuarto,Badajoz,106
2015,Cuarto,Cáceres,79
2015,Cuarto,A Coruña,106
2015,Cuarto,Lugo,45
2015,Cuarto,Ourense,66
2015,Cuarto,Pontevedra,179
2015,Cuarto,Madrid,1223
2015,Cuarto,Murcia,414
2015,Cuarto,Navarra,76
2015,Cuarto,Araba/Álava,22
2015,Cuarto,Gipuzkoa,81
2015,Cuarto,Bizkaia,101
2015,Cuarto,La Rioja,82
2015,Cuarto,Ceuta,15
2015,Cuarto,Melilla,13
2016,Primero,Almería,215
2016,Primero,Cádiz,255
2016,Primero,Córdoba,121
2016,Primero,Granada,264
2016,Primero,Huelva,109
2016,Primero,Jaén,159
2016,Primero,Málaga,393
2016,Primero,Sevilla,482
2016,Primero,Huesca,33
2016,Primero,Teruel,20
2016,Primero,Zaragoza,239
2016,Primero,Asturias,215
2016,Primero,Illes Balears,178
2016,Primero,Las Palmas,280
2016,Primero,Santa Cruz de Tenerife,291
2016,Primero,Cantabria,93
2016,Primero,Ávila,30
2016,Primero,Burgos,54
2016,Primero,León,39
2016,Primero,Palencia,26
2016,Primero,Salamanca,18
2016,Primero,Segovia,14
2016,Primero,Soria,15
2016,Primero,Valladolid,94
2016,Primero,Zamora,37
2016,Primero,Albacete,57
2016,Primero,Ciudad Real,116
2016,Primero,Cuenca,46
2016,Primero,Guadalajara,51
2016,Primero,Toledo,108
2016,Primero,Barcelona,968
2016,Primero,Girona,129
2016,Primero,Lleida,78
2016,Primero,Tarragona,224
2016,Primero,Alicante/Alacant,377
2016,Primero,Castellón/Castelló,92
2016,Primero,Valencia/València,549
2016,Primero,Badajoz,116
2016,Primero,Cáceres,68
2016,Primero,A Coruña,126
2016,Primero,Lugo,59
2016,Primero,Ourense,92
2016,Primero,Pontevedra,93
2016,Primero,Madrid,1274
2016,Primero,Murcia,423
2016,Primero,Navarra,92
2016,Primero,Araba/Álava,24
2016,Primero,Gipuzkoa,65
2016,Primero,Bizkaia,94
2016,Primero,La Rioja,88
2016,Primero,Ceuta,21
2016,Primero,Melilla,15
2016,Segundo,Almería,266
2016,Segundo,Cádiz,317
2016,Segundo,Córdoba,112
2016,Segundo,Granada,223
2016,Segundo,Huelva,129
2016,Segundo,Jaén,191
2016,Segundo,Málaga,359
2016,Segundo,Sevilla,504
2016,Segundo,Huesca,38
2016,Segundo,Teruel,10
2016,Segundo,Zaragoza,169
2016,Segundo,Asturias,213
2016,Segundo,Illes Balears,180
2016,Segundo,Las Palmas,304
2016,Segundo,Santa Cruz de Tenerife,285
2016,Segundo,Cantabria,89
2016,Segundo,Ávila,28
2016,Segundo,Burgos,56
2016,Segundo,León,63
2016,Segundo,Palencia,24
2016,Segundo,Salamanca,43
2016,Segundo,Segovia,16
2016,Segundo,Soria,16
2016,Segundo,Valladolid,136
2016,Segundo,Zamora,33
2016,Segundo,Albacete,46
2016,Segundo,Ciudad Real,141
2016,Segundo,Cuenca,32
2016,Segundo,Guadalajara,63
2016,Segundo,Toledo,126
2016,Segundo,Barcelona,880
2016,Segundo,Girona,138
2016,Segundo,Lleida,94
2016,Segundo,Tarragona,208
2016,Segundo,Alicante/Alacant,522
2016,Segundo,Castellón/Castelló,107
2016,Segundo,Valencia/València,586
2016,Segundo,Badajoz,128
2016,Segundo,Cáceres,68
2016,Segundo,A Coruña,108
2016,Segundo,Lugo,61
2016,Segundo,Ourense,82
2016,Segundo,Pontevedra,127
2016,Segundo,Madrid,1339
2016,Segundo,Murcia,480
2016,Segundo,Navarra,84
2016,Segundo,Araba/Álava,26
2016,Segundo,Gipuzkoa,81
2016,Segundo,Bizkaia,110
2016,Segundo,La Rioja,85
2016,Segundo,Ceuta,35
2016,Segundo,Melilla,26
2016,Tercero,Almería,257
2016,Tercero,Cádiz,317
2016,Tercero,Córdoba,104
2016,Tercero,Granada,313
2016,Tercero,Huelva,143
2016,Tercero,Jaén,194
2016,Tercero,Málaga,368
2016,Tercero,Sevilla,484
2016,Tercero,Huesca,63
2016,Tercero,Teruel,17
2016,Tercero,Zaragoza,158
2016,Tercero,Asturias,201
2016,Tercero,Illes Balears,234
2016,Tercero,Las Palmas,246
2016,Tercero,Santa Cruz de Tenerife,375
2016,Tercero,Cantabria,77
2016,Tercero,Ávila,22
2016,Tercero,Burgos,58
2016,Tercero,León,59
2016,Tercero,Palencia,31
2016,Tercero,Salamanca,31
2016,Tercero,Segovia,14
2016,Tercero,Soria,13
2016,Tercero,Valladolid,117
2016,Tercero,Zamora,35
2016,Tercero,Albacete,114
2016,Tercero,Ciudad Real,157
2016,Tercero,Cuenca,27
2016,Tercero,Guadalajara,69
2016,Tercero,Toledo,144
2016,Tercero,Barcelona,966
2016,Tercero,Girona,139
2016,Tercero,Lleida,70
2016,Tercero,Tarragona,271
2016,Tercero,Alicante/Alacant,481
2016,Tercero,Castellón/Castelló,116
2016,Tercero,Valencia/València,635
2016,Tercero,Badajoz,149
2016,Tercero,Cáceres,69
2016,Tercero,A Coruña,202
2016,Tercero,Lugo,54
2016,Tercero,Ourense,108
2016,Tercero,Pontevedra,133
2016,Tercero,Madrid,1409
2016,Tercero,Murcia,453
2016,Tercero,Navarra,100
2016,Tercero,Araba/Álava,18
2016,Tercero,Gipuzkoa,83
2016,Tercero,Bizkaia,83
2016,Tercero,La Rioja,78
2016,Tercero,Ceuta,41
2016,Tercero,Melilla,17
2016,Cuarto,Almería,248
2016,Cuarto,Cádiz,295
2016,Cuarto,Córdoba,109
2016,Cuarto,Granada,228
2016,Cuarto,Huelva,115
2016,Cuarto,Jaén,141
2016,Cuarto,Málaga,386
2016,Cuarto,Sevilla,444
2016,Cuarto,Huesca,26
2016,Cuarto,Teruel,24
2016,Cuarto,Zaragoza,160
2016,Cuarto,Asturias,199
2016,Cuarto,Illes Balears,163
2016,Cuarto,Las Palmas,223
2016,Cuarto,Santa Cruz de Tenerife,340
2016,Cuarto,Cantabria,77
2016,Cuarto,Ávila,32
2016,Cuarto,Burgos,69
2016,Cuarto,León,59
2016,Cuarto,Palencia,32
2016,Cuarto,Salamanca,35
2016,Cuarto,Segovia,21
2016,Cuarto,Soria,25
2016,Cuarto,Valladolid,98
2016,Cuarto,Zamora,30
2016,Cuarto,Albacete,73
2016,Cuarto,Ciudad Real,183
2016,Cuarto,Cuenca,22
2016,Cuarto,Guadalajara,44
2016,Cuarto,Toledo,131
2016,Cuarto,Barcelona,848
2016,Cuarto,Girona,129
2016,Cuarto,Lleida,63
2016,Cuarto,Tarragona,201
2016,Cuarto,Alicante/Alacant,444
2016,Cuarto,Castellón/Castelló,118
2016,Cuarto,Valencia/València,590
2016,Cuarto,Badajoz,116
2016,Cuarto,Cáceres,73
2016,Cuarto,A Coruña,178
2016,Cuarto,Lugo,42
2016,Cuarto,Ourense,80
2016,Cuarto,Pontevedra,148
2016,Cuarto,Madrid,1309
2016,Cuarto,Murcia,395
2016,Cuarto,Navarra,83
2016,Cuarto,Araba/Álava,23
2016,Cuarto,Gipuzkoa,62
2016,Cuarto,Bizkaia,100
2016,Cuarto,La Rioja,54
2016,Cuarto,Ceuta,34
2016,Cuarto,Melilla,13
2017,Primero,Almería,279
2017,Primero,Cádiz,336
2017,Primero,Córdoba,95
2017,Primero,Granada,249
2017,Primero,Huelva,112
2017,Primero,Jaén,129
2017,Primero,Málaga,365
2017,Primero,Sevilla,412
2017,Primero,Huesca,33
2017,Primero,Teruel,20
2017,Primero,Zaragoza,142
2017,Primero,Asturias,187
2017,Primero,Illes Balears,195
2017,Primero,Las Palmas,233
2017,Primero,Santa Cruz de Tenerife,343
2017,Primero,Cantabria,70
2017,Primero,Ávila,26
2017,Primero,Burgos,50
2017,Primero,León,80
2017,Primero,Palencia,25
2017,Primero,Salamanca,30
2017,Primero,Segovia,17
2017,Primero,Soria,15
2017,Primero,Valladolid,89
2017,Primero,Zamora,47
2017,Primero,Albacete,50
2017,Primero,Ciudad Real,140
2017,Primero,Cuenca,35
2017,Primero,Guadalajara,56
2017,Primero,Toledo,115
2017,Primero,Barcelona,942
2017,Primero,Girona,115
2017,Primero,Lleida,80
2017,Primero,Tarragona,249
2017,Primero,Alicante/Alacant,492
2017,Primero,Castellón/Castelló,140
2017,Primero,Valencia/València,603
2017,Primero,Badajoz,128
2017,Primero,Cáceres,53
2017,Primero,A Coruña,186
2017,Primero,Lugo,37
2017,Primero,Ourense,100
2017,Primero,Pontevedra,146
2017,Primero,Madrid,1372
2017,Primero,Murcia,372
2017,Primero,Navarra,100
2017,Primero,Araba/Álava,23
2017,Primero,Gipuzkoa,74
2017,Primero,Bizkaia,111
2017,Primero,La Rioja,65
2017,Primero,Ceuta,62
2017,Primero,Melilla,13
2017,Segundo,Almería,293
2017,Segundo,Cádiz,403
2017,Segundo,Córdoba,124
2017,Segundo,Granada,242
2017,Segundo,Huelva,166
2017,Segundo,Jaén,164
2017,Segundo,Málaga,398
2017,Segundo,Sevilla,544
2017,Segundo,Huesca,49
2017,Segundo,Teruel,27
2017,Segundo,Zaragoza,122
2017,Segundo,Asturias,216
2017,Segundo,Illes Balears,247
2017,Segundo,Las Palmas,208
2017,Segundo,Santa Cruz de Tenerife,312
2017,Segundo,Cantabria,80
2017,Segundo,Ávila,23
2017,Segundo,Burgos,81
2017,Segundo,León,81
2017,Segundo,Palencia,15
2017,Segundo,Salamanca,45
2017,Segundo,Segovia,18
2017,Segundo,Soria,27
2017,Segundo,Valladolid,98
2017,Segundo,Zamora,35
2017,Segundo,Albacete,65
2017,Segundo,Ciudad Real,119
2017,Segundo,Cuenca,27
2017,Segundo,Guadalajara,76
2017,Segundo,Toledo,161
2017,Segundo,Barcelona,953
2017,Segundo,Girona,154
2017,Segundo,Lleida,85
2017,Segundo,Tarragona,231
2017,Segundo,Alicante/Alacant,540
2017,Segundo,Castellón/Castelló,123
2017,Segundo,Valencia/València,527
2017,Segundo,Badajoz,134
2017,Segundo,Cáceres,59
2017,Segundo,A Coruña,178
2017,Segundo,Lugo,56
2017,Segundo,Ourense,106
2017,Segundo,Pontevedra,137
2017,Segundo,Madrid,1592
2017,Segundo,Murcia,373
2017,Segundo,Navarra,102
2017,Segundo,Araba/Álava,41
2017,Segundo,Gipuzkoa,70
2017,Segundo,Bizkaia,142
2017,Segundo,La Rioja,85
2017,Segundo,Ceuta,49
2017,Segundo,Melilla,39
2017,Tercero,Almería,268
2017,Tercero,Cádiz,369
2017,Tercero,Córdoba,111
2017,Tercero,Granada,278
2017,Tercero,Huelva,132
2017,Tercero,Jaén,118
2017,Tercero,Málaga,350
2017,Tercero,Sevilla,503
2017,Tercero,Huesca,48
2017,Tercero,Teruel,13
2017,Tercero,Zaragoza,158
2017,Tercero,Asturias,215
2017,Tercero,Illes Balears,271
2017,Tercero,Las Palmas,237
2017,Tercero,Santa Cruz de Tenerife,318
2017,Tercero,Cantabria,92
2017,Tercero,Ávila,34
2017,Tercero,Burgos,56
2017,Tercero,León,87
2017,Tercero,Palencia,11
2017,Tercero,Salamanca,33
2017,Tercero,Segovia,16
2017,Tercero,Soria,16
2017,Tercero,Valladolid,114
2017,Tercero,Zamora,44
2017,Tercero,Albacete,74
2017,Tercero,Ciudad Real,113
2017,Tercero,Cuenca,27
2017,Tercero,Guadalajara,64
2017,Tercero,Toledo,133
2017,Tercero,Barcelona,959
2017,Tercero,Girona,138
2017,Tercero,Lleida,66
2017,Tercero,Tarragona,237
2017,Tercero,Alicante/Alacant,515
2017,Tercero,Castellón/Castelló,98
2017,Tercero,Valencia/València,551
2017,Tercero,Badajoz,159
2017,Tercero,Cáceres,58
2017,Tercero,A Coruña,163
2017,Tercero,Lugo,62
2017,Tercero,Ourense,100
2017,Tercero,Pontevedra,153
2017,Tercero,Madrid,1412
2017,Tercero,Murcia,408
2017,Tercero,Navarra,82
2017,Tercero,Araba/Álava,22
2017,Tercero,Gipuzkoa,69
2017,Tercero,Bizkaia,114
2017,Tercero,La Rioja,53
2017,Tercero,Ceuta,31
2017,Tercero,Melilla,22
2017,Cuarto,Almería,259
2017,Cuarto,Cádiz,346
2017,Cuarto,Córdoba,104
2017,Cuarto,Granada,255
2017,Cuarto,Huelva,115
2017,Cuarto,Jaén,140
2017,Cuarto,Málaga,349
2017,Cuarto,Sevilla,475
2017,Cuarto,Huesca,39
2017,Cuarto,Teruel,9
2017,Cuarto,Zaragoza,125
2017,Cuarto,Asturias,204
2017,Cuarto,Illes Balears,193
2017,Cuarto,Las Palmas,202
2017,Cuarto,Santa Cruz de Tenerife,272
2017,Cuarto,Cantabria,54
2017,Cuarto,Ávila,26
2017,Cuarto,Burgos,55
2017,Cuarto,León,79
2017,Cuarto,Palencia,15
2017,Cuarto,Salamanca,41
2017,Cuarto,Segovia,13
2017,Cuarto,Soria,20
2017,Cuarto,Valladolid,109
2017,Cuarto,Zamora,26
2017,Cuarto,Albacete,64
2017,Cuarto,Ciudad Real,101
2017,Cuarto,Cuenca,24
2017,Cuarto,Guadalajara,46
2017,Cuarto,Toledo,103
2017,Cuarto,Barcelona,858
2017,Cuarto,Girona,88
2017,Cuarto,Lleida,70
2017,Cuarto,Tarragona,216
2017,Cuarto,Alicante/Alacant,449
2017,Cuarto,Castellón/Castelló,107
2017,Cuarto,Valencia/València,546
2017,Cuarto,Badajoz,140
2017,Cuarto,Cáceres,61
2017,Cuarto,A Coruña,194
2017,Cuarto,Lugo,61
2017,Cuarto,Ourense,116
2017,Cuarto,Pontevedra,133
2017,Cuarto,Madrid,1363
2017,Cuarto,Murcia,402
2017,Cuarto,Navarra,81
2017,Cuarto,Araba/Álava,32
2017,Cuarto,Gipuzkoa,68
2017,Cuarto,Bizkaia,106
2017,Cuarto,La Rioja,40
2017,Cuarto,Ceuta,26
2017,Cuarto,Melilla,13
2018,Primero,Almería,314
2018,Primero,Cádiz,273
2018,Primero,Córdoba,103
2018,Primero,Granada,273
2018,Primero,Huelva,170
2018,Primero,Jaén,143
2018,Primero,Málaga,283
2018,Primero,Sevilla,440
2018,Primero,Huesca,33
2018,Primero,Teruel,21
2018,Primero,Zaragoza,109
2018,Primero,Asturias,194
2018,Primero,Illes Balears,192
2018,Primero,Las Palmas,215
2018,Primero,Santa Cruz de Tenerife,267
2018,Primero,Cantabria,87
2018,Primero,Ávila,18
2018,Primero,Burgos,64
2018,Primero,León,73
2018,Primero,Palencia,12
2018,Primero,Salamanca,37
2018,Primero,Segovia,13
2018,Primero,Soria,9
2018,Primero,Valladolid,92
2018,Primero,Zamora,38
2018,Primero,Albacete,86
2018,Primero,Ciudad Real,105
2018,Primero,Cuenca,28
2018,Primero,Guadalajara,52
2018,Primero,Toledo,133
2018,Primero,Barcelona,891
2018,Primero,Girona,127
2018,Primero,Lleida,77
2018,Primero,Tarragona,192
2018,Primero,Alicante/Alacant,458
2018,Primero,Castellón/Castelló,117
2018,Primero,Valencia/València,538
2018,Primero,Badajoz,111
2018,Primero,Cáceres,69
2018,Primero,A Coruña,164
2018,Primero,Lugo,42
2018,Primero,Ourense,133
2018,Primero,Pontevedra,120
2018,Primero,Madrid,1400
2018,Primero,Murcia,392
2018,Primero,Navarra,104
2018,Primero,Araba/Álava,29
2018,Primero,Gipuzkoa,67
2018,Primero,Bizkaia,87
2018,Primero,La Rioja,66
2018,Primero,Ceuta,38
2018,Primero,Melilla,5
2018,Segundo,Almería,415
2018,Segundo,Cádiz,340
2018,Segundo,Córdoba,95
2018,Segundo,Granada,231
2018,Segundo,Huelva,235
2018,Segundo,Jaén,137
2018,Segundo,Málaga,351
2018,Segundo,Sevilla,460
2018,Segundo,Huesca,30
2018,Segundo,Teruel,11
2018,Segundo,Zaragoza,126
2018,Segundo,Asturias,216
2018,Segundo,Illes Balears,220
2018,Segundo,Las Palmas,186
2018,Segundo,Santa Cruz de Tenerife,384
2018,Segundo,Cantabria,94
2018,Segundo,Ávila,23
2018,Segundo,Burgos,64
2018,Segundo,León,55
2018,Segundo,Palencia,14
2018,Segundo,Salamanca,37
2018,Segundo,Segovia,14
2018,Segundo,Soria,19
2018,Segundo,Valladolid,101
2018,Segundo,Zamora,41
2018,Segundo,Albacete,81
2018,Segundo,Ciudad Real,92
2018,Segundo,Cuenca,43
2018,Segundo,Guadalajara,59
2018,Segundo,Toledo,157
2018,Segundo,Barcelona,970
2018,Segundo,Girona,85
2018,Segundo,Lleida,66
2018,Segundo,Tarragona,259
2018,Segundo,Alicante/Alacant,494
2018,Segundo,Castellón/Castelló,127
2018,Segundo,Valencia/València,617
2018,Segundo,Badajoz,143
2018,Segundo,Cáceres,84
2018,Segundo,A Coruña,204
2018,Segundo,Lugo,38
2018,Segundo,Ourense,121
2018,Segundo,Pontevedra,119
2018,Segundo,Madrid,1432
2018,Segundo,Murcia,422
2018,Segundo,Navarra,83
2018,Segundo,Araba/Álava,46
2018,Segundo,Gipuzkoa,82
2018,Segundo,Bizkaia,73
2018,Segundo,La Rioja,73
2018,Segundo,Ceuta,30
2018,Segundo,Melilla,7
2018,Tercero,Almería,343
2018,Tercero,Cádiz,300
2018,Tercero,Córdoba,106
2018,Tercero,Granada,300
2018,Tercero,Huelva,178
2018,Tercero,Jaén,130
2018,Tercero,Málaga,379
2018,Tercero,Sevilla,510
2018,Tercero,Huesca,34
2018,Tercero,Teruel,15
2018,Tercero,Zaragoza,127
2018,Tercero,Asturias,229
2018,Tercero,Illes Balears,262
2018,Tercero,Las Palmas,183
2018,Tercero,Santa Cruz de Tenerife,452
2018,Tercero,Cantabria,94
2018,Tercero,Ávila,32
2018,Tercero,Burgos,52
2018,Tercero,León,74
2018,Tercero,Palencia,21
2018,Tercero,Salamanca,27
2018,Tercero,Segovia,18
2018,Tercero,Soria,19
2018,Tercero,Valladolid,111
2018,Tercero,Zamora,31
2018,Tercero,Albacete,102
2018,Tercero,Ciudad Real,125
2018,Tercero,Cuenca,45
2018,Tercero,Guadalajara,74
2018,Tercero,Toledo,154
2018,Tercero,Barcelona,952
2018,Tercero,Girona,140
2018,Tercero,Lleida,65
2018,Tercero,Tarragona,163
2018,Tercero,Alicante/Alacant,503
2018,Tercero,Castellón/Castelló,127
2018,Tercero,Valencia/València,719
2018,Tercero,Badajoz,137
2018,Tercero,Cáceres,50
2018,Tercero,A Coruña,201
2018,Tercero,Lugo,52
2018,Tercero,Ourense,117
2018,Tercero,Pontevedra,153
2018,Tercero,Madrid,1523
2018,Tercero,Murcia,430
2018,Tercero,Navarra,90
2018,Tercero,Araba/Álava,41
2018,Tercero,Gipuzkoa,74
2018,Tercero,Bizkaia,66
2018,Tercero,La Rioja,90
2018,Tercero,Ceuta,31
2018,Tercero,Melilla,6
2018,Cuarto,Almería,306
2018,Cuarto,Cádiz,359
2018,Cuarto,Córdoba,102
2018,Cuarto,Granada,242
2018,Cuarto,Huelva,162
2018,Cuarto,Jaén,94
2018,Cuarto,Málaga,388
2018,Cuarto,Sevilla,443
2018,Cuarto,Huesca,53
2018,Cuarto,Teruel,11
2018,Cuarto,Zaragoza,145
2018,Cuarto,Asturias,208
2018,Cuarto,Illes Balears,308
2018,Cuarto,Las Palmas,202
2018,Cuarto,Santa Cruz de Tenerife,310
2018,Cuarto,Cantabria,77
2018,Cuarto,Ávila,25
2018,Cuarto,Burgos,57
2018,Cuarto,León,60
2018,Cuarto,Palencia,23
2018,Cuarto,Salamanca,35
2018,Cuarto,Segovia,13
2018,Cuarto,Soria,26
2018,Cuarto,Valladolid,106
2018,Cuarto,Zamora,33
2018,Cuarto,Albacete,75
2018,Cuarto,Ciudad Real,113
2018,Cuarto,Cuenca,50
2018,Cuarto,Guadalajara,39
2018,Cuarto,Toledo,158
2018,Cuarto,Barcelona,874
2018,Cuarto,Girona,109
2018,Cuarto,Lleida,88
2018,Cuarto,Tarragona,194
2018,Cuarto,Alicante/Alacant,596
2018,Cuarto,Castellón/Castelló,130
2018,Cuarto,Valencia/València,643
2018,Cuarto,Badajoz,146
2018,Cuarto,Cáceres,94
2018,Cuarto,A Coruña,198
2018,Cuarto,Lugo,64
2018,Cuarto,Ourense,162
2018,Cuarto,Pontevedra,133
2018,Cuarto,Madrid,1463
2018,Cuarto,Murcia,404
2018,Cuarto,Navarra,91
2018,Cuarto,Araba/Álava,31
2018,Cuarto,Gipuzkoa,62
2018,Cuarto,Bizkaia,85
2018,Cuarto,La Rioja,78
2018,Cuarto,Ceuta,38
2018,Cuarto,Melilla,3
2019,Primero,Almería,367
2019,Primero,Cádiz,264
2019,Primero,Córdoba,110
2019,Primero,Granada,196
2019,Primero,Huelva,139
2019,Primero,Jaén,87
2019,Primero,Málaga,342
2019,Primero,Sevilla,415
2019,Primero,Huesca,45
2019,Primero,Teruel,20
2019,Primero,Zaragoza,183
2019,Primero,Asturias,215
2019,Primero,Illes Balears,251
2019,Primero,Las Palmas,240
2019,Primero,Santa Cruz de Tenerife,473
2019,Primero,Cantabria,55
2019,Primero,Ávila,34
2019,Primero,Burgos,53
2019,Primero,León,53
2019,Primero,Palencia,17
2019,Primero,Salamanca,28
2019,Primero,Segovia,12
2019,Primero,Soria,10
2019,Primero,Valladolid,101
2019,Primero,Zamora,24
2019,Primero,Albacete,80
2019,Primero,Ciudad Real,114
2019,Primero,Cuenca,44
2019,Primero,Guadalajara,68
2019,Primero,Toledo,131
2019,Primero,Barcelona,945
2019,Primero,Girona,111
2019,Primero,Lleida,70
2019,Primero,Tarragona,242
2019,Primero,Alicante/Alacant,554
2019,Primero,Castellón/Castelló,118
2019,Primero,Valencia/València,615
2019,Primero,Badajoz,145
2019,Primero,Cáceres,58
2019,Primero,A Coruña,162
2019,Primero,Lugo,46
2019,Primero,Ourense,90
2019,Primero,Pontevedra,135
2019,Primero,Madrid,1405
2019,Primero,Murcia,303
2019,Primero,Navarra,80
2019,Primero,Araba/Álava,36
2019,Primero,Gipuzkoa,51
2019,Primero,Bizkaia,101
2019,Primero,La Rioja,67
2019,Primero,Ceuta,21
2019,Primero,Melilla,4
2019,Segundo,Almería,490
2019,Segundo,Cádiz,380
2019,Segundo,Córdoba,109
2019,Segundo,Granada,199
2019,Segundo,Huelva,123
2019,Segundo,Jaén,88
2019,Segundo,Málaga,298
2019,Segundo,Sevilla,423
2019,Segundo,Huesca,59
2019,Segundo,Teruel,29
2019,Segundo,Zaragoza,160
2019,Segundo,Asturias,201
2019,Segundo,Illes Balears,295
2019,Segundo,Las Palmas,249
2019,Segundo,Santa Cruz de Tenerife,404
2019,Segundo,Cantabria,71
2019,Segundo,Ávila,34
2019,Segundo,Burgos,59
2019,Segundo,León,52
2019,Segundo,Palencia,17
2019,Segundo,Salamanca,49
2019,Segundo,Segovia,17
2019,Segundo,Soria,21
2019,Segundo,Valladolid,99
2019,Segundo,Zamora,29
2019,Segundo,Albacete,88
2019,Segundo,Ciudad Real,125
2019,Segundo,Cuenca,51
2019,Segundo,Guadalajara,65
2019,Segundo,Toledo,121
2019,Segundo,Barcelona,953
2019,Segundo,Girona,140
2019,Segundo,Lleida,79
2019,Segundo,Tarragona,227
2019,Segundo,Alicante/Alacant,499
2019,Segundo,Castellón/Castelló,150
2019,Segundo,Valencia/València,700
2019,Segundo,Badajoz,174
2019,Segundo,Cáceres,66
2019,Segundo,A Coruña,199
2019,Segundo,Lugo,71
2019,Segundo,Ourense,109
2019,Segundo,Pontevedra,145
2019,Segundo,Madrid,1522
2019,Segundo,Murcia,417
2019,Segundo,Navarra,96
2019,Segundo,Araba/Álava,30
2019,Segundo,Gipuzkoa,61
2019,Segundo,Bizkaia,123
2019,Segundo,La Rioja,66
2019,Segundo,Ceuta,23
2019,Segundo,Melilla,7
2019,Tercero,Almería,427
2019,Tercero,Cádiz,287
2019,Tercero,Córdoba,117
2019,Tercero,Granada,267
2019,Tercero,Huelva,153
2019,Tercero,Jaén,111
2019,Tercero,Málaga,486
2019,Tercero,Sevilla,467
2019,Tercero,Huesca,64
2019,Tercero,Teruel,15
2019,Tercero,Zaragoza,182
2019,Tercero,Asturias,218
2019,Tercero,Illes Balears,358
2019,Tercero,Las Palmas,213
2019,Tercero,Santa Cruz de Tenerife,382
2019,Tercero,Cantabria,76
2019,Tercero,Ávila,36
2019,Tercero,Burgos,81
2019,Tercero,León,63
2019,Tercero,Palencia,25
2019,Tercero,Salamanca,35
2019,Tercero,Segovia,13
2019,Tercero,Soria,26
2019,Tercero,Valladolid,105
2019,Tercero,Zamora,28
2019,Tercero,Albacete,117
2019,Tercero,Ciudad Real,119
2019,Tercero,Cuenca,51
2019,Tercero,Guadalajara,83
2019,Tercero,Toledo,143
2019,Tercero,Barcelona,989
2019,Tercero,Girona,163
2019,Tercero,Lleida,65
2019,Tercero,Tarragona,246
2019,Tercero,Alicante/Alacant,627
2019,Tercero,Castellón/Castelló,164
2019,Tercero,Valencia/València,753
2019,Tercero,Badajoz,172
2019,Tercero,Cáceres,48
2019,Tercero,A Coruña,203
2019,Tercero,Lugo,60
2019,Tercero,Ourense,99
2019,Tercero,Pontevedra,174
2019,Tercero,Madrid,1531
2019,Tercero,Murcia,464
2019,Tercero,Navarra,121
2019,Tercero,Araba/Álava,33
2019,Tercero,Gipuzkoa,61
2019,Tercero,Bizkaia,161
2019,Tercero,La Rioja,46
2019,Tercero,Ceuta,35
2019,Tercero,Melilla,10
2019,Cuarto,Almería,332
2019,Cuarto,Cádiz,296
2019,Cuarto,Córdoba,95
2019,Cuarto,Granada,225
2019,Cuarto,Huelva,140
2019,Cuarto,Jaén,119
2019,Cuarto,Málaga,344
2019,Cuarto,Sevilla,434
2019,Cuarto,Huesca,57
2019,Cuarto,Teruel,24
2019,Cuarto,Zaragoza,176
2019,Cuarto,Asturias,262
2019,Cuarto,Illes Balears,364
2019,Cuarto,Las Palmas,235
2019,Cuarto,Santa Cruz de Tenerife,271
2019,Cuarto,Cantabria,77
2019,Cuarto,Ávila,28
2019,Cuarto,Burgos,78
2019,Cuarto,León,55
2019,Cuarto,Palencia,21
2019,Cuarto,Salamanca,25
2019,Cuarto,Segovia,29
2019,Cuarto,Soria,13
2019,Cuarto,Valladolid,118
2019,Cuarto,Zamora,42
2019,Cuarto,Albacete,86
2019,Cuarto,Ciudad Real,127
2019,Cuarto,Cuenca,43
2019,Cuarto,Guadalajara,76
2019,Cuarto,Toledo,153
2019,Cuarto,Barcelona,896
2019,Cuarto,Girona,134
2019,Cuarto,Lleida,64
2019,Cuarto,Tarragona,226
2019,Cuarto,Alicante/Alacant,559
2019,Cuarto,Castellón/Castelló,120
2019,Cuarto,Valencia/València,705
2019,Cuarto,Badajoz,120
2019,Cuarto,Cáceres,65
2019,Cuarto,A Coruña,218
2019,Cuarto,Lugo,70
2019,Cuarto,Ourense,65
2019,Cuarto,Pontevedra,176
2019,Cuarto,Madrid,1415
2019,Cuarto,Murcia,405
2019,Cuarto,Navarra,96
2019,Cuarto,Araba/Álava,32
2019,Cuarto,Gipuzkoa,39
2019,Cuarto,Bizkaia,106
2019,Cuarto,La Rioja,49
2019,Cuarto,Ceuta,35
2019,Cuarto,Melilla,15
2020,Primero,Almería,342
2020,Primero,Cádiz,282
2020,Primero,Córdoba,123
2020,Primero,Granada,296
2020,Primero,Huelva,81
2020,Primero,Jaén,96
2020,Primero,Málaga,320
2020,Primero,Sevilla,387
2020,Primero,Huesca,51
2020,Primero,Teruel,21
2020,Primero,Zaragoza,118
2020,Primero,Asturias,196
2020,Primero,Illes Balears,336
2020,Primero,Las Palmas,213
2020,Primero,Santa Cruz de Tenerife,373
2020,Primero,Cantabria,71
2020,Primero,Ávila,19
2020,Primero,Burgos,80
2020,Primero,León,56
2020,Primero,Palencia,22
2020,Primero,Salamanca,29
2020,Primero,Segovia,15
2020,Primero,Soria,15
2020,Primero,Valladolid,99
2020,Primero,Zamora,24
2020,Primero,Albacete,96
2020,Primero,Ciudad Real,99
2020,Primero,Cuenca,24
2020,Primero,Guadalajara,40
2020,Primero,Toledo,139
2020,Primero,Barcelona,806
2020,Primero,Girona,127
2020,Primero,Lleida,64
2020,Primero,Tarragona,181
2020,Primero,Alicante/Alacant,595
2020,Primero,Castellón/Castelló,88
2020,Primero,Valencia/València,549
2020,Primero,Badajoz,130
2020,Primero,Cáceres,51
2020,Primero,A Coruña,258
2020,Primero,Lugo,58
2020,Primero,Ourense,69
2020,Primero,Pontevedra,144
2020,Primero,Madrid,1267
2020,Primero,Murcia,301
2020,Primero,Navarra,84
2020,Primero,Araba/Álava,24
2020,Primero,Gipuzkoa,41
2020,Primero,Bizkaia,96
2020,Primero,La Rioja,73
2020,Primero,Ceuta,28
2020,Primero,Melilla,24
2020,Segundo,Almería,278
2020,Segundo,Cádiz,269
2020,Segundo,Córdoba,119
2020,Segundo,Granada,241
2020,Segundo,Huelva,156
2020,Segundo,Jaén,97
2020,Segundo,Málaga,246
2020,Segundo,Sevilla,409
2020,Segundo,Huesca,62
2020,Segundo,Teruel,22
2020,Segundo,Zaragoza,140
2020,Segundo,Asturias,155
2020,Segundo,Illes Balears,328
2020,Segundo,Las Palmas,282
2020,Segundo,Santa Cruz de Tenerife,286
2020,Segundo,Cantabria,65
2020,Segundo,Ávila,25
2020,Segundo,Burgos,46
2020,Segundo,León,79
2020,Segundo,Palencia,12
2020,Segundo,Salamanca,27
2020,Segundo,Segovia,12
2020,Segundo,Soria,8
2020,Segundo,Valladolid,74
2020,Segundo,Zamora,22
2020,Segundo,Albacete,85
2020,Segundo,Ciudad Real,51
2020,Segundo,Cuenca,49
2020,Segundo,Guadalajara,27
2020,Segundo,Toledo,81
2020,Segundo,Barcelona,765
2020,Segundo,Girona,92
2020,Segundo,Lleida,73
2020,Segundo,Tarragona,139
2020,Segundo,Alicante/Alacant,412
2020,Segundo,Castellón/Castelló,56
2020,Segundo,Valencia/València,482
2020,Segundo,Badajoz,100
2020,Segundo,Cáceres,53
2020,Segundo,A Coruña,243
2020,Segundo,Lugo,47
2020,Segundo,Ourense,53
2020,Segundo,Pontevedra,146
2020,Segundo,Madrid,1212
2020,Segundo,Murcia,290
2020,Segundo,Navarra,126
2020,Segundo,Araba/Álava,14
2020,Segundo,Gipuzkoa,46
2020,Segundo,Bizkaia,53
2020,Segundo,La Rioja,50
2020,Segundo,Ceuta,22
2020,Segundo,Melilla,22
2020,Tercero,Almería,352
2020,Tercero,Cádiz,339
2020,Tercero,Córdoba,127
2020,Tercero,Granada,329
2020,Tercero,Huelva,213
2020,Tercero,Jaén,97
2020,Tercero,Málaga,320
2020,Tercero,Sevilla,482
2020,Tercero,Huesca,53
2020,Tercero,Teruel,7
2020,Tercero,Zaragoza,144
2020,Tercero,Asturias,207
2020,Tercero,Illes Balears,315
2020,Tercero,Las Palmas,302
2020,Tercero,Santa Cruz de Tenerife,302
2020,Tercero,Cantabria,89
2020,Tercero,Ávila,20
2020,Tercero,Burgos,71
2020,Tercero,León,88
2020,Tercero,Palencia,18
2020,Tercero,Salamanca,19
2020,Tercero,Segovia,15
2020,Tercero,Soria,25
2020,Tercero,Valladolid,106
2020,Tercero,Zamora,49
2020,Tercero,Albacete,145
2020,Tercero,Ciudad Real,98
2020,Tercero,Cuenca,50
2020,Tercero,Guadalajara,72
2020,Tercero,Toledo,170
2020,Tercero,Barcelona,1016
2020,Tercero,Girona,176
2020,Tercero,Lleida,75
2020,Tercero,Tarragona,221
2020,Tercero,Alicante/Alacant,550
2020,Tercero,Castellón/Castelló,161
2020,Tercero,Valencia/València,717
2020,Tercero,Badajoz,133
2020,Tercero,Cáceres,40
2020,Tercero,A Coruña,279
2020,Tercero,Lugo,57
2020,Tercero,Ourense,66
2020,Tercero,Pontevedra,193
2020,Tercero,Madrid,1359
2020,Tercero,Murcia,370
2020,Tercero,Navarra,95
2020,Tercero,Araba/Álava,15
2020,Tercero,Gipuzkoa,45
2020,Tercero,Bizkaia,78
2020,Tercero,La Rioja,57
2020,Tercero,Ceuta,25
2020,Tercero,Melilla,21
2020,Cuarto,Almería,186
2020,Cuarto,Cádiz,306
2020,Cuarto,Córdoba,108
2020,Cuarto,Granada,309
2020,Cuarto,Huelva,125
2020,Cuarto,Jaén,61
2020,Cuarto,Málaga,309
2020,Cuarto,Sevilla,396
2020,Cuarto,Huesca,40
2020,Cuarto,Teruel,10
2020,Cuarto,Zaragoza,84
2020,Cuarto,Asturias,168
2020,Cuarto,Illes Balears,200
2020,Cuarto,Las Palmas,252
2020,Cuarto,Santa Cruz de Tenerife,215
2020,Cuarto,Cantabria,60
2020,Cuarto,Ávila,26
2020,Cuarto,Burgos,64
2020,Cuarto,León,67
2020,Cuarto,Palencia,19
2020,Cuarto,Salamanca,18
2020,Cuarto,Segovia,14
2020,Cuarto,Soria,16
2020,Cuarto,Valladolid,94
2020,Cuarto,Zamora,32
2020,Cuarto,Albacete,72
2020,Cuarto,Ciudad Real,68
2020,Cuarto,Cuenca,32
2020,Cuarto,Guadalajara,41
2020,Cuarto,Toledo,139
2020,Cuarto,Barcelona,736
2020,Cuarto,Girona,93
2020,Cuarto,Lleida,61
2020,Cuarto,Tarragona,173
2020,Cuarto,Alicante/Alacant,473
2020,Cuarto,Castellón/Castelló,106
2020,Cuarto,Valencia/València,566
2020,Cuarto,Badajoz,115
2020,Cuarto,Cáceres,45
2020,Cuarto,A Coruña,174
2020,Cuarto,Lugo,50
2020,Cuarto,Ourense,43
2020,Cuarto,Pontevedra,129
2020,Cuarto,Madrid,1281
2020,Cuarto,Murcia,296
2020,Cuarto,Navarra,80
2020,Cuarto,Araba/Álava,29
2020,Cuarto,Gipuzkoa,42
2020,Cuarto,Bizkaia,77
2020,Cuarto,La Rioja,69
2020,Cuarto,Ceuta,15
2020,Cuarto,Melilla,21
2021,Primero,Almería,175
2021,Primero,Cádiz,242
2021,Primero,Córdoba,81
2021,Primero,Granada,331
2021,Primero,Huelva,269
2021,Primero,Jaén,75
2021,Primero,Málaga,266
2021,Primero,Sevilla,402
2021,Primero,Huesca,35
2021,Primero,Teruel,7
2021,Primero,Zaragoza,139
2021,Primero,Asturias,167
2021,Primero,Illes Balears,156
2021,Primero,Las Palmas,219
2021,Primero,Santa Cruz de Tenerife,207
2021,Primero,Cantabria,63
2021,Primero,Ávila,39
2021,Primero,Burgos,70
2021,Primero,León,42
2021,Primero,Palencia,23
2021,Primero,Salamanca,12
2021,Primero,Segovia,12
2021,Primero,Soria,22
2021,Primero,Valladolid,115
2021,Primero,Zamora,21
2021,Primero,Albacete,89
2021,Primero,Ciudad Real,84
2021,Primero,Cuenca,38
2021,Primero,Guadalajara,38
2021,Primero,Toledo,95
2021,Primero,Barcelona,768
2021,Primero,Girona,95
2021,Primero,Lleida,90
2021,Primero,Tarragona,188
2021,Primero,Alicante/Alacant,474
2021,Primero,Castellón/Castelló,88
2021,Primero,Valencia/València,576
2021,Primero,Badajoz,134
2021,Primero,Cáceres,55
2021,Primero,A Coruña,173
2021,Primero,Lugo,44
2021,Primero,Ourense,32
2021,Primero,Pontevedra,122
2021,Primero,Madrid,1195
2021,Primero,Murcia,281
2021,Primero,Navarra,69
2021,Primero,Araba/Álava,31
2021,Primero,Gipuzkoa,46
2021,Primero,Bizkaia,78
2021,Primero,La Rioja,73
2021,Primero,Ceuta,20
2021,Primero,Melilla,10
2021,Segundo,Almería,209
2021,Segundo,Cádiz,401
2021,Segundo,Córdoba,132
2021,Segundo,Granada,342
2021,Segundo,Huelva,164
2021,Segundo,Jaén,104
2021,Segundo,Málaga,333
2021,Segundo,Sevilla,402
2021,Segundo,Huesca,34
2021,Segundo,Teruel,11
2021,Segundo,Zaragoza,144
2021,Segundo,Asturias,143
2021,Segundo,Illes Balears,239
2021,Segundo,Las Palmas,268
2021,Segundo,Santa Cruz de Tenerife,197
2021,Segundo,Cantabria,98
2021,Segundo,Ávila,33
2021,Segundo,Burgos,69
2021,Segundo,León,63
2021,Segundo,Palencia,31
2021,Segundo,Salamanca,22
2021,Segundo,Segovia,16
2021,Segundo,Soria,20
2021,Segundo,Valladolid,95
2021,Segundo,Zamora,25
2021,Segundo,Albacete,86
2021,Segundo,Ciudad Real,96
2021,Segundo,Cuenca,33
2021,Segundo,Guadalajara,48
2021,Segundo,Toledo,99
2021,Segundo,Barcelona,921
2021,Segundo,Girona,117
2021,Segundo,Lleida,74
2021,Segundo,Tarragona,187
2021,Segundo,Alicante/Alacant,521
2021,Segundo,Castellón/Castelló,100
2021,Segundo,Valencia/València,619
2021,Segundo,Badajoz,154
2021,Segundo,Cáceres,53
2021,Segundo,A Coruña,253
2021,Segundo,Lugo,53
2021,Segundo,Ourense,52
2021,Segundo,Pontevedra,167
2021,Segundo,Madrid,1520
2021,Segundo,Murcia,365
2021,Segundo,Navarra,98
2021,Segundo,Araba/Álava,36
2021,Segundo,Gipuzkoa,48
2021,Segundo,Bizkaia,97
2021,Segundo,La Rioja,74
2021,Segundo,Ceuta,22
2021,Segundo,Melilla,16
2021,Tercero,Almería,268
2021,Tercero,Cádiz,328
2021,Tercero,Córdoba,110
2021,Tercero,Granada,359
2021,Tercero,Huelva,106
2021,Tercero,Jaén,85
2021,Tercero,Málaga,325
2021,Tercero,Sevilla,456
2021,Tercero,Huesca,58
2021,Tercero,Teruel,21
2021,Tercero,Zaragoza,181
2021,Tercero,Asturias,171
2021,Tercero,Illes Balears,280
2021,Tercero,Las Palmas,262
2021,Tercero,Santa Cruz de Tenerife,224
2021,Tercero,Cantabria,87
2021,Tercero,Ávila,47
2021,Tercero,Burgos,83
2021,Tercero,León,50
2021,Tercero,Palencia,32
2021,Tercero,Salamanca,29
2021,Tercero,Segovia,11
2021,Tercero,Soria,20
2021,Tercero,Valladolid,118
2021,Tercero,Zamora,30
2021,Tercero,Albacete,70
2021,Tercero,Ciudad Real,103
2021,Tercero,Cuenca,44
2021,Tercero,Guadalajara,57
2021,Tercero,Toledo,140
2021,Tercero,Barcelona,869
2021,Tercero,Girona,138
2021,Tercero,Lleida,88
2021,Tercero,Tarragona,233
2021,Tercero,Alicante/Alacant,646
2021,Tercero,Castellón/Castelló,127
2021,Tercero,Valencia/València,700
2021,Tercero,Badajoz,166
2021,Tercero,Cáceres,58
2021,Tercero,A Coruña,210
2021,Tercero,Lugo,47
2021,Tercero,Ourense,44
2021,Tercero,Pontevedra,136
2021,Tercero,Madrid,1377
2021,Tercero,Murcia,479
2021,Tercero,Navarra,87
2021,Tercero,Araba/Álava,35
2021,Tercero,Gipuzkoa,65
2021,Tercero,Bizkaia,105
2021,Tercero,La Rioja,89
2021,Tercero,Ceuta,30
2021,Tercero,Melilla,20
2021,Cuarto,Almería,201
2021,Cuarto,Cádiz,335
2021,Cuarto,Córdoba,106
2021,Cuarto,Granada,358
2021,Cuarto,Huelva,147
2021,Cuarto,Jaén,111
2021,Cuarto,Málaga,255
2021,Cuarto,Sevilla,479
2021,Cuarto,Huesca,41
2021,Cuarto,Teruel,13
2021,Cuarto,Zaragoza,183
2021,Cuarto,Asturias,160
2021,Cuarto,Illes Balears,222
2021,Cuarto,Las Palmas,271
2021,Cuarto,Santa Cruz de Tenerife,228
2021,Cuarto,Cantabria,116
2021,Cuarto,Ávila,36
2021,Cuarto,Burgos,74
2021,Cuarto,León,56
2021,Cuarto,Palencia,35
2021,Cuarto,Salamanca,28
2021,Cuarto,Segovia,24
2021,Cuarto,Soria,32
2021,Cuarto,Valladolid,105
2021,Cuarto,Zamora,16
2021,Cuarto,Albacete,82
2021,Cuarto,Ciudad Real,95
2021,Cuarto,Cuenca,41
2021,Cuarto,Guadalajara,63
2021,Cuarto,Toledo,150
2021,Cuarto,Barcelona,892
2021,Cuarto,Girona,132
2021,Cuarto,Lleida,99
2021,Cuarto,Tarragona,194
2021,Cuarto,Alicante/Alacant,630
2021,Cuarto,Castellón/Castelló,110
2021,Cuarto,Valencia/València,633
2021,Cuarto,Badajoz,141
2021,Cuarto,Cáceres,64
2021,Cuarto,A Coruña,227
2021,Cuarto,Lugo,52
2021,Cuarto,Ourense,44
2021,Cuarto,Pontevedra,128
2021,Cuarto,Madrid,1390
2021,Cuarto,Murcia,391
2021,Cuarto,Navarra,101
2021,Cuarto,Araba/Álava,16
2021,Cuarto,Gipuzkoa,81
2021,Cuarto,Bizkaia,141
2021,Cuarto,La Rioja,74
2021,Cuarto,Ceuta,28
2021,Cuarto,Melilla,20
2022,Primero,Almería,272
2022,Primero,Cádiz,264
2022,Primero,Córdoba,88
2022,Primero,Granada,343
2022,Primero,Huelva,95
2022,Primero,Jaén,123
2022,Primero,Málaga,352
2022,Primero,Sevilla,444
2022,Primero,Huesca,31
2022,Primero,Teruel,13
2022,Primero,Zaragoza,189
2022,Primero,Asturias,193
2022,Primero,Illes Balears,279
2022,Primero,Las Palmas,257
2022,Primero,Santa Cruz de Tenerife,228
2022,Primero,Cantabria,105
2022,Primero,Ávila,19
2022,Primero,Burgos,62
2022,Primero,León,55
2022,Primero,Palencia,28
2022,Primero,Salamanca,39
2022,Primero,Segovia,32
2022,Primero,Soria,26
2022,Primero,Valladolid,96
2022,Primero,Zamora,17
2022,Primero,Albacete,81
2022,Primero,Ciudad Real,101
2022,Primero,Cuenca,47
2022,Primero,Guadalajara,35
2022,Primero,Toledo,116
2022,Primero,Barcelona,864
2022,Primero,Girona,115
2022,Primero,Lleida,87
2022,Primero,Tarragona,173
2022,Primero,Alicante/Alacant,569
2022,Primero,Castellón/Castelló,95
2022,Primero,Valencia/València,674
2022,Primero,Badajoz,135
2022,Primero,Cáceres,72
2022,Primero,A Coruña,215
2022,Primero,Lugo,40
2022,Primero,Ourense,62
2022,Primero,Pontevedra,135
2022,Primero,Madrid,1226
2022,Primero,Murcia,334
2022,Primero,Navarra,90
2022,Primero,Araba/Álava,24
2022,Primero,Gipuzkoa,72
2022,Primero,Bizkaia,154
2022,Primero,La Rioja,78
2022,Primero,Ceuta,24
2022,Primero,Melilla,29
2022,Segundo,Almería,279
2022,Segundo,Cádiz,330
2022,Segundo,Córdoba,120
2022,Segundo,Granada,332
2022,Segundo,Huelva,133
2022,Segundo,Jaén,145
2022,Segundo,Málaga,351
2022,Segundo,Sevilla,462
2022,Segundo,Huesca,45
2022,Segundo,Teruel,17
2022,Segundo,Zaragoza,166
2022,Segundo,Asturias,242
2022,Segundo,Illes Balears,359
2022,Segundo,Las Palmas,193
2022,Segundo,Santa Cruz de Tenerife,251
2022,Segundo,Cantabria,112
2022,Segundo,Ávila,37
2022,Segundo,Burgos,65
2022,Segundo,León,50
2022,Segundo,Palencia,35
2022,Segundo,Salamanca,38
2022,Segundo,Segovia,18
2022,Segundo,Soria,22
2022,Segundo,Valladolid,132
2022,Segundo,Zamora,27
2022,Segundo,Albacete,89
2022,Segundo,Ciudad Real,109
2022,Segundo,Cuenca,44
2022,Segundo,Guadalajara,47
2022,Segundo,Toledo,169
2022,Segundo,Barcelona,1081
2022,Segundo,Girona,158
2022,Segundo,Lleida,94
2022,Segundo,Tarragona,192
2022,Segundo,Alicante/Alacant,588
2022,Segundo,Castellón/Castelló,151
2022,Segundo,Valencia/València,740
2022,Segundo,Badajoz,156
2022,Segundo,Cáceres,101
2022,Segundo,A Coruña,195
2022,Segundo,Lugo,52
2022,Segundo,Ourense,84
2022,Segundo,Pontevedra,155
2022,Segundo,Madrid,1473
2022,Segundo,Murcia,431
2022,Segundo,Navarra,100
2022,Segundo,Araba/Álava,23
2022,Segundo,Gipuzkoa,100
2022,Segundo,Bizkaia,152
2022,Segundo,La Rioja,97
2022,Segundo,Ceuta,20
2022,Segundo,Melilla,22
2022,Tercero,Almería,281
2022,Tercero,Cádiz,294
2022,Tercero,Córdoba,117
2022,Tercero,Granada,219
2022,Tercero,Huelva,122
2022,Tercero,Jaén,140
2022,Tercero,Málaga,330
2022,Tercero,Sevilla,502
2022,Tercero,Huesca,52
2022,Tercero,Teruel,20
2022,Tercero,Zaragoza,204
2022,Tercero,Asturias,232
2022,Tercero,Illes Balears,415
2022,Tercero,Las Palmas,197
2022,Tercero,Santa Cruz de Tenerife,218
2022,Tercero,Cantabria,95
2022,Tercero,Ávila,29
2022,Tercero,Burgos,86
2022,Tercero,León,75
2022,Tercero,Palencia,26
2022,Tercero,Salamanca,34
2022,Tercero,Segovia,26
2022,Tercero,Soria,35
2022,Tercero,Valladolid,104
2022,Tercero,Zamora,39
2022,Tercero,Albacete,90
2022,Tercero,Ciudad Real,125
2022,Tercero,Cuenca,49
2022,Tercero,Guadalajara,42
2022,Tercero,Toledo,178
2022,Tercero,Barcelona,1011
2022,Tercero,Girona,157
2022,Tercero,Lleida,104
2022,Tercero,Tarragona,216
2022,Tercero,Alicante/Alacant,542
2022,Tercero,Castellón/Castelló,125
2022,Tercero,Valencia/València,653
2022,Tercero,Badajoz,156
2022,Tercero,Cáceres,92
2022,Tercero,A Coruña,193
2022,Tercero,Lugo,68
2022,Tercero,Ourense,62
2022,Tercero,Pontevedra,169
2022,Tercero,Madrid,1490
2022,Tercero,Murcia,394
2022,Tercero,Navarra,126
2022,Tercero,Araba/Álava,34
2022,Tercero,Gipuzkoa,50
2022,Tercero,Bizkaia,164
2022,Tercero,La Rioja,67
2022,Tercero,Ceuta,30
2022,Tercero,Melilla,23
2022,Cuarto,Almería,305
2022,Cuarto,Cádiz,299
2022,Cuarto,Córdoba,93
2022,Cuarto,Granada,283
2022,Cuarto,Huelva,189
2022,Cuarto,Jaén,141
2022,Cuarto,Málaga,369
2022,Cuarto,Sevilla,481
2022,Cuarto,Huesca,47
2022,Cuarto,Teruel,19
2022,Cuarto,Zaragoza,148
2022,Cuarto,Asturias,201
2022,Cuarto,Illes Balears,343
2022,Cuarto,Las Palmas,273
2022,Cuarto,Santa Cruz de Tenerife,237
2022,Cuarto,Cantabria,93
2022,Cuarto,Ávila,26
2022,Cuarto,Burgos,77
2022,Cuarto,León,58
2022,Cuarto,Palencia,36
2022,Cuarto,Salamanca,27
2022,Cuarto,Segovia,23
2022,Cuarto,Soria,21
2022,Cuarto,Valladolid,132
2022,Cuarto,Zamora,26
2022,Cuarto,Albacete,87
2022,Cuarto,Ciudad Real,111
2022,Cuarto,Cuenca,43
2022,Cuarto,Guadalajara,36
2022,Cuarto,Toledo,119
2022,Cuarto,Barcelona,802
2022,Cuarto,Girona,150
2022,Cuarto,Lleida,95
2022,Cuarto,Tarragona,155
2022,Cuarto,Alicante/Alacant,514
2022,Cuarto,Castellón/Castelló,91
2022,Cuarto,Valencia/València,716
2022,Cuarto,Badajoz,122
2022,Cuarto,Cáceres,78
2022,Cuarto,A Coruña,201
2022,Cuarto,Lugo,52
2022,Cuarto,Ourense,55
2022,Cuarto,Pontevedra,144
2022,Cuarto,Madrid,1375
2022,Cuarto,Murcia,393
2022,Cuarto,Navarra,98
2022,Cuarto,Araba/Álava,42
2022,Cuarto,Gipuzkoa,56
2022,Cuarto,Bizkaia,159
2022,Cuarto,La Rioja,57
2022,Cuarto,Ceuta,18
2022,Cuarto,Melilla,10
2023,Primero,Almería,253
2023,Primero,Cádiz,221
2023,Primero,Córdoba,105
2023,Primero,Granada,198
2023,Primero,Huelva,153
2023,Primero,Jaén,134
2023,Primero,Málaga,357
2023,Primero,Sevilla,523
2023,Primero,Huesca,51
2023,Primero,Teruel,18
2023,Primero,Zaragoza,162
2023,Primero,Asturias,234
2023,Primero,Illes Balears,341
2023,Primero,Las Palmas,233
2023,Primero,Santa Cruz de Tenerife,180
2023,Primero,Cantabria,111
2023,Primero,Ávila,34
2023,Primero,Burgos,98
2023,Primero,León,68
2023,Primero,Palencia,31
2023,Primero,Salamanca,48
2023,Primero,Segovia,19
2023,Primero,Soria,29
2023,Primero,Valladolid,102
2023,Primero,Zamora,45
2023,Primero,Albacete,86
2023,Primero,Ciudad Real,114
2023,Primero,Cuenca,32
2023,Primero,Guadalajara,70
2023,Primero,Toledo,176
2023,Primero,Barcelona,987
2023,Primero,Girona,138
2023,Primero,Lleida,88
2023,Primero,Tarragona,178
2023,Primero,Alicante/Alacant,577
2023,Primero,Castellón/Castelló,103
2023,Primero,Valencia/València,606
2023,Primero,Badajoz,145
2023,Primero,Cáceres,53
2023,Primero,A Coruña,232
2023,Primero,Lugo,56
2023,Primero,Ourense,56
2023,Primero,Pontevedra,151
2023,Primero,Madrid,1444
2023,Primero,Murcia,375
2023,Primero,Navarra,92
2023,Primero,Araba/Álava,18
2023,Primero,Gipuzkoa,48
2023,Primero,Bizkaia,187
2023,Primero,La Rioja,78
2023,Primero,Ceuta,30
2023,Primero,Melilla,11
2023,Segundo,Almería,229
2023,Segundo,Cádiz,270
2023,Segundo,Córdoba,115
2023,Segundo,Granada,257
2023,Segundo,Huelva,172
2023,Segundo,Jaén,193
2023,Segundo,Málaga,379
2023,Segundo,Sevilla,536
2023,Segundo,Huesca,45
2023,Segundo,Teruel,22
2023,Segundo,Zaragoza,169
2023,Segundo,Asturias,213
2023,Segundo,Illes Balears,381
2023,Segundo,Las Palmas,221
2023,Segundo,Santa Cruz de Tenerife,250
2023,Segundo,Cantabria,127
2023,Segundo,Ávila,36
2023,Segundo,Burgos,78
2023,Segundo,León,90
2023,Segundo,Palencia,35
2023,Segundo,Salamanca,44
2023,Segundo,Segovia,22
2023,Segundo,Soria,26
2023,Segundo,Valladolid,111
2023,Segundo,Zamora,47
2023,Segundo,Albacete,94
2023,Segundo,Ciudad Real,143
2023,Segundo,Cuenca,40
2023,Segundo,Guadalajara,54
2023,Segundo,Toledo,161
2023,Segundo,Barcelona,1003
2023,Segundo,Girona,154
2023,Segundo,Lleida,128
2023,Segundo,Tarragona,201
2023,Segundo,Alicante/Alacant,704
2023,Segundo,Castellón/Castelló,117
2023,Segundo,Valencia/València,612
2023,Segundo,Badajoz,129
2023,Segundo,Cáceres,58
2023,Segundo,A Coruña,208
2023,Segundo,Lugo,63
2023,Segundo,Ourense,54
2023,Segundo,Pontevedra,152
2023,Segundo,Madrid,1508
2023,Segundo,Murcia,440
2023,Segundo,Navarra,117
2023,Segundo,Araba/Álava,37
2023,Segundo,Gipuzkoa,50
2023,Segundo,Bizkaia,190
2023,Segundo,La Rioja,73
2023,Segundo,Ceuta,25
2023,Segundo,Melilla,23
