"Año","Mes","Provincia","Tramo de edad Víctima","Tramo de edad Agresor","Número de mujeres víctimas mortales"
"Año 2003","Enero","Almería","41-50 años","51-60 años","1.0"
"Año 2003","Enero","Granada","71-84 años","71-84 años","1.0"
"Año 2003","Enero","Málaga","21-30 años","No consta","1.0"
"Año 2003","Enero","Santa Cruz de Tenerife","31-40 años","No consta","1.0"
"Año 2003","Enero","Barcelona","31-40 años","51-60 años","1.0"
"Año 2003","Enero","Barcelona","31-40 años","No consta","1.0"
"Año 2003","Enero","Barcelona","No consta","31-40 años","1.0"
"Año 2003","Enero","La Rioja","31-40 años","31-40 años","1.0"
"Año 2003","Febrero","Málaga","71-84 años","61-70 años","1.0"
"Año 2003","Febrero","Tarragona","21-30 años","No consta","1.0"
"Año 2003","Febrero","A Coruña","61-70 años","61-70 años","1.0"
"Año 2003","Febrero","La Rioja","21-30 años","31-40 años","1.0"
"Año 2003","Marzo","Cádiz","31-40 años","51-60 años","1.0"
"Año 2003","Marzo","Jaén","21-30 años","No consta","1.0"
"Año 2003","Marzo","Jaén","31-40 años","No consta","1.0"
"Año 2003","Marzo","A Coruña","41-50 años","41-50 años","1.0"
"Año 2003","Marzo","Madrid","61-70 años","61-70 años","1.0"
"Año 2003","Marzo","Murcia","21-30 años","No consta","1.0"
"Año 2003","Abril","Las Palmas","21-30 años","21-30 años","1.0"
"Año 2003","Abril","Barcelona","41-50 años","No consta","1.0"
"Año 2003","Abril","Alicante/Alacant","No consta","No consta","1.0"
"Año 2003","Abril","Valencia/València","31-40 años","31-40 años","1.0"
"Año 2003","Abril","Navarra","31-40 años","41-50 años","1.0"
"Año 2003","Mayo","Teruel","21-30 años","No consta","1.0"
"Año 2003","Mayo","Albacete","41-50 años","No consta","1.0"
"Año 2003","Mayo","Girona","31-40 años","No consta","1.0"
"Año 2003","Mayo","Tarragona","41-50 años","No consta","1.0"
"Año 2003","Mayo","Valencia/València","21-30 años","No consta","1.0"
"Año 2003","Mayo","Pontevedra","31-40 años","No consta","1.0"
"Año 2003","Junio","Zaragoza","31-40 años","No consta","1.0"
"Año 2003","Junio","Asturias","No consta","No consta","1.0"
"Año 2003","Junio","Salamanca","41-50 años","No consta","1.0"
"Año 2003","Junio","Barcelona","51-60 años","41-50 años","1.0"
"Año 2003","Junio","Lleida","61-70 años","61-70 años","1.0"
"Año 2003","Junio","A Coruña","31-40 años","31-40 años","1.0"
"Año 2003","Junio","Murcia","31-40 años","No consta","1.0"
"Año 2003","Junio","Ceuta","31-40 años","31-40 años","1.0"
"Año 2003","Julio","Illes Balears","41-50 años","No consta","1.0"
"Año 2003","Julio","Cantabria","31-40 años","31-40 años","1.0"
"Año 2003","Julio","Toledo","21-30 años","No consta","1.0"
"Año 2003","Julio","Barcelona","31-40 años","No consta","1.0"
"Año 2003","Julio","Girona","No consta","31-40 años","1.0"
"Año 2003","Julio","Castellón/Castelló","No consta","No consta","1.0"
"Año 2003","Julio","Pontevedra","31-40 años","No consta","1.0"
"Año 2003","Julio","Madrid","41-50 años","No consta","1.0"
"Año 2003","Agosto","Illes Balears","51-60 años","51-60 años","1.0"
"Año 2003","Agosto","Illes Balears","51-60 años","No consta","1.0"
"Año 2003","Agosto","Santa Cruz de Tenerife","31-40 años","31-40 años","1.0"
"Año 2003","Agosto","Santa Cruz de Tenerife","No consta","No consta","1.0"
"Año 2003","Agosto","Valladolid","61-70 años","No consta","1.0"
"Año 2003","Agosto","Barcelona","31-40 años","No consta","1.0"
"Año 2003","Agosto","Valencia/València","18-20 años","No consta","1.0"
"Año 2003","Agosto","Madrid","41-50 años","51-60 años","1.0"
"Año 2003","Septiembre","Jaén",">=85 años",">=85 años","1.0"
"Año 2003","Septiembre","Sevilla","41-50 años","41-50 años","1.0"
"Año 2003","Septiembre","Asturias","21-30 años","No consta","1.0"
"Año 2003","Septiembre","Valencia/València","21-30 años","31-40 años","1.0"
"Año 2003","Octubre","Badajoz","31-40 años","31-40 años","1.0"
"Año 2003","Octubre","Murcia","21-30 años","No consta","1.0"
"Año 2003","Noviembre","Cádiz","21-30 años","No consta","1.0"
"Año 2003","Noviembre","Cádiz","41-50 años","51-60 años","1.0"
"Año 2003","Noviembre","Córdoba","31-40 años","No consta","1.0"
"Año 2003","Noviembre","Sevilla","31-40 años","41-50 años","1.0"
"Año 2003","Noviembre","Illes Balears","31-40 años","No consta","1.0"
"Año 2003","Noviembre","Las Palmas","41-50 años","51-60 años","1.0"
"Año 2003","Noviembre","León","51-60 años","No consta","1.0"
"Año 2003","Noviembre","Valladolid","41-50 años","41-50 años","1.0"
"Año 2003","Noviembre","Valencia/València","41-50 años","51-60 años","1.0"
"Año 2003","Diciembre","Las Palmas","31-40 años","41-50 años","1.0"
"Año 2003","Diciembre","Madrid","21-30 años","41-50 años","1.0"
"Año 2003","Diciembre","Madrid","31-40 años","41-50 años","1.0"
"Año 2004","Enero","Illes Balears","31-40 años","41-50 años","1.0"
"Año 2004","Enero","Badajoz","71-84 años","71-84 años","1.0"
"Año 2004","Febrero","Córdoba","21-30 años","21-30 años","1.0"
"Año 2004","Febrero","Sevilla","71-84 años","No consta","1.0"
"Año 2004","Febrero","Illes Balears","31-40 años","21-30 años","1.0"
"Año 2004","Febrero","Madrid","21-30 años","31-40 años","1.0"
"Año 2004","Febrero","Bizkaia","31-40 años","31-40 años","1.0"
"Año 2004","Marzo","Almería","21-30 años","31-40 años","1.0"
"Año 2004","Marzo","Granada","31-40 años","31-40 años","1.0"
"Año 2004","Marzo","Granada","41-50 años","No consta","1.0"
"Año 2004","Marzo","Zaragoza","21-30 años","21-30 años","1.0"
"Año 2004","Marzo","Santa Cruz de Tenerife","51-60 años","61-70 años","1.0"
"Año 2004","Marzo","Barcelona","31-40 años","31-40 años","1.0"
"Año 2004","Abril","Córdoba","71-84 años","71-84 años","1.0"
"Año 2004","Abril","Málaga","21-30 años","31-40 años","1.0"
"Año 2004","Abril","Guadalajara","No consta","No consta","1.0"
"Año 2004","Abril","Valencia/València","No consta","41-50 años","1.0"
"Año 2004","Abril","Madrid","41-50 años","41-50 años","1.0"
"Año 2004","Abril","Madrid","51-60 años","No consta","1.0"
"Año 2004","Mayo","Cádiz","18-20 años","21-30 años","1.0"
"Año 2004","Mayo","Córdoba","18-20 años","21-30 años","1.0"
"Año 2004","Mayo","Zaragoza","51-60 años","61-70 años","1.0"
"Año 2004","Mayo","León","71-84 años","71-84 años","1.0"
"Año 2004","Mayo","Albacete","21-30 años","No consta","1.0"
"Año 2004","Mayo","Barcelona","31-40 años","No consta","1.0"
"Año 2004","Mayo","Tarragona","<16 años","18-20 años","1.0"
"Año 2004","Mayo","Valencia/València","51-60 años","51-60 años","1.0"
"Año 2004","Junio","Granada","41-50 años","No consta","1.0"
"Año 2004","Junio","Granada","51-60 años","61-70 años","1.0"
"Año 2004","Junio","Valencia/València","18-20 años","21-30 años","1.0"
"Año 2004","Junio","Valencia/València","61-70 años","61-70 años","1.0"
"Año 2004","Junio","Valencia/València","61-70 años","No consta","1.0"
"Año 2004","Junio","Navarra","51-60 años","61-70 años","1.0"
"Año 2004","Julio","Almería","31-40 años","41-50 años","1.0"
"Año 2004","Julio","Cádiz","31-40 años","31-40 años","1.0"
"Año 2004","Julio","Las Palmas","31-40 años","No consta","1.0"
"Año 2004","Julio","Barcelona","41-50 años","41-50 años","1.0"
"Año 2004","Julio","Madrid","61-70 años","71-84 años","1.0"
"Año 2004","Julio","Murcia","<16 años","18-20 años","1.0"
"Año 2004","Julio","Murcia","31-40 años","31-40 años","1.0"
"Año 2004","Agosto","Cádiz","41-50 años","No consta","1.0"
"Año 2004","Agosto","Cantabria","31-40 años","31-40 años","1.0"
"Año 2004","Agosto","Albacete","31-40 años","41-50 años","1.0"
"Año 2004","Agosto","Barcelona","51-60 años","51-60 años","1.0"
"Año 2004","Agosto","Valencia/València","31-40 años","No consta","1.0"
"Año 2004","Agosto","Madrid","21-30 años","31-40 años","1.0"
"Año 2004","Septiembre","Sevilla","71-84 años","71-84 años","1.0"
"Año 2004","Septiembre","Cantabria","31-40 años","31-40 años","1.0"
"Año 2004","Septiembre","León","31-40 años","31-40 años","1.0"
"Año 2004","Septiembre","Barcelona","18-20 años","21-30 años","1.0"
"Año 2004","Septiembre","Barcelona","No consta","No consta","1.0"
"Año 2004","Septiembre","Tarragona",">=85 años",">=85 años","1.0"
"Año 2004","Septiembre","Bizkaia","21-30 años","21-30 años","1.0"
"Año 2004","Octubre","Córdoba","31-40 años","No consta","1.0"
"Año 2004","Octubre","Huelva","31-40 años","21-30 años","1.0"
"Año 2004","Octubre","Sevilla","51-60 años","51-60 años","1.0"
"Año 2004","Octubre","Tarragona","<16 años","31-40 años","1.0"
"Año 2004","Octubre","Valencia/València","41-50 años","21-30 años","1.0"
"Año 2004","Octubre","Murcia","41-50 años","41-50 años","1.0"
"Año 2004","Octubre","La Rioja","61-70 años","61-70 años","1.0"
"Año 2004","Noviembre","Sevilla","18-20 años","21-30 años","1.0"
"Año 2004","Noviembre","Alicante/Alacant","51-60 años","No consta","1.0"
"Año 2004","Noviembre","Valencia/València","41-50 años","No consta","1.0"
"Año 2004","Noviembre","Bizkaia","No consta","16-17 años","1.0"
"Año 2004","Diciembre","Toledo","No consta","21-30 años","1.0"
"Año 2004","Diciembre","Barcelona","31-40 años","No consta","1.0"
"Año 2004","Diciembre","Barcelona","51-60 años","No consta","1.0"
"Año 2004","Diciembre","Cáceres","71-84 años","71-84 años","1.0"
"Año 2004","Diciembre","A Coruña","31-40 años","No consta","1.0"
"Año 2004","Diciembre","Ourense","No consta","No consta","1.0"
"Año 2004","Diciembre","Murcia","No consta","No consta","1.0"
"Año 2004","Diciembre","Bizkaia","51-60 años","51-60 años","1.0"
"Año 2005","Enero","Málaga","21-30 años","21-30 años","1.0"
"Año 2005","Enero","Huesca","71-84 años","No consta","1.0"
"Año 2005","Enero","Illes Balears","21-30 años","21-30 años","1.0"
"Año 2005","Enero","Toledo","51-60 años","51-60 años","1.0"
"Año 2005","Enero","Murcia","41-50 años","No consta","1.0"
"Año 2005","Enero","Bizkaia","31-40 años","No consta","1.0"
"Año 2005","Febrero","Córdoba","21-30 años","21-30 años","1.0"
"Año 2005","Febrero","Granada","71-84 años","71-84 años","1.0"
"Año 2005","Febrero","Alicante/Alacant","21-30 años","21-30 años","1.0"
"Año 2005","Febrero","Murcia","31-40 años","No consta","1.0"
"Año 2005","Febrero","Navarra","21-30 años","21-30 años","1.0"
"Año 2005","Marzo","Almería","18-20 años","21-30 años","1.0"
"Año 2005","Marzo","Illes Balears","61-70 años","61-70 años","1.0"
"Año 2005","Marzo","Madrid","No consta","No consta","1.0"
"Año 2005","Abril","Málaga","21-30 años","21-30 años","1.0"
"Año 2005","Abril","Las Palmas","21-30 años","31-40 años","1.0"
"Año 2005","Abril","Burgos","31-40 años","No consta","1.0"
"Año 2005","Abril","Barcelona","51-60 años","No consta","1.0"
"Año 2005","Abril","Alicante/Alacant","31-40 años","31-40 años","1.0"
"Año 2005","Mayo","Zaragoza","61-70 años","No consta","1.0"
"Año 2005","Mayo","Santa Cruz de Tenerife","41-50 años","41-50 años","1.0"
"Año 2005","Mayo","León","21-30 años","No consta","1.0"
"Año 2005","Mayo","Barcelona","21-30 años","31-40 años","1.0"
"Año 2005","Junio","Santa Cruz de Tenerife","41-50 años","41-50 años","1.0"
"Año 2005","Junio","Ciudad Real","71-84 años","71-84 años","1.0"
"Año 2005","Junio","Barcelona","41-50 años","51-60 años","1.0"
"Año 2005","Junio","Valencia/València","61-70 años","No consta","1.0"
"Año 2005","Junio","Madrid","31-40 años","31-40 años","1.0"
"Año 2005","Junio","Navarra","31-40 años","31-40 años","1.0"
"Año 2005","Julio","Zaragoza","61-70 años","61-70 años","1.0"
"Año 2005","Julio","Girona","51-60 años","No consta","1.0"
"Año 2005","Julio","Madrid","31-40 años","21-30 años","1.0"
"Año 2005","Julio","Madrid","31-40 años","31-40 años","1.0"
"Año 2005","Agosto","Asturias","21-30 años","21-30 años","1.0"
"Año 2005","Agosto","Illes Balears","41-50 años","31-40 años","1.0"
"Año 2005","Agosto","Illes Balears","41-50 años","41-50 años","1.0"
"Año 2005","Agosto","León","31-40 años","41-50 años","1.0"
"Año 2005","Agosto","Alicante/Alacant","No consta","No consta","1.0"
"Año 2005","Agosto","Valencia/València","21-30 años","21-30 años","1.0"
"Año 2005","Septiembre","Almería","18-20 años","No consta","1.0"
"Año 2005","Septiembre","Sevilla","71-84 años","71-84 años","1.0"
"Año 2005","Septiembre","Las Palmas","31-40 años","41-50 años","1.0"
"Año 2005","Septiembre","Ávila","16-17 años","31-40 años","1.0"
"Año 2005","Octubre","Las Palmas","18-20 años","21-30 años","1.0"
"Año 2005","Octubre","Lleida","41-50 años","51-60 años","1.0"
"Año 2005","Octubre","Tarragona","41-50 años","41-50 años","1.0"
"Año 2005","Octubre","Bizkaia","21-30 años","21-30 años","1.0"
"Año 2005","Octubre","Bizkaia","31-40 años","41-50 años","1.0"
"Año 2005","Noviembre","Zaragoza","71-84 años","No consta","1.0"
"Año 2005","Noviembre","Las Palmas","41-50 años","41-50 años","1.0"
"Año 2005","Noviembre","Girona","21-30 años","No consta","1.0"
"Año 2005","Noviembre","Tarragona","41-50 años","No consta","1.0"
"Año 2005","Noviembre","Alicante/Alacant","31-40 años","41-50 años","1.0"
"Año 2005","Noviembre","Pontevedra","71-84 años","61-70 años","1.0"
"Año 2005","Diciembre","Málaga","31-40 años","No consta","1.0"
"Año 2005","Diciembre","Sevilla","18-20 años","21-30 años","1.0"
"Año 2005","Diciembre","Melilla","31-40 años","41-50 años","1.0"
"Año 2006","Enero","Cádiz","41-50 años","31-40 años","1.0"
"Año 2006","Enero","Granada","31-40 años","41-50 años","1.0"
"Año 2006","Enero","Málaga","21-30 años","No consta","1.0"
"Año 2006","Enero","Málaga","31-40 años","41-50 años","1.0"
"Año 2006","Enero","Zaragoza","31-40 años","31-40 años","1.0"
"Año 2006","Enero","Illes Balears","21-30 años","41-50 años","1.0"
"Año 2006","Enero","Madrid","31-40 años","31-40 años","1.0"
"Año 2006","Enero","Murcia","21-30 años","21-30 años","1.0"
"Año 2006","Enero","Gipuzkoa","31-40 años","31-40 años","1.0"
"Año 2006","Febrero","Sevilla","31-40 años","31-40 años","1.0"
"Año 2006","Febrero","Barcelona","21-30 años","18-20 años","1.0"
"Año 2006","Febrero","Lleida","51-60 años","31-40 años","1.0"
"Año 2006","Febrero","Madrid","31-40 años","31-40 años","1.0"
"Año 2006","Marzo","Asturias","21-30 años","31-40 años","1.0"
"Año 2006","Marzo","Valladolid","41-50 años","No consta","1.0"
"Año 2006","Marzo","Cuenca","61-70 años","61-70 años","1.0"
"Año 2006","Marzo","Barcelona","31-40 años","31-40 años","1.0"
"Año 2006","Marzo","Lleida","31-40 años","31-40 años","1.0"
"Año 2006","Marzo","Alicante/Alacant","31-40 años","31-40 años","1.0"
"Año 2006","Marzo","Valencia/València","31-40 años","31-40 años","1.0"
"Año 2006","Marzo","Madrid","61-70 años","61-70 años","1.0"
"Año 2006","Marzo","Murcia","51-60 años","61-70 años","1.0"
"Año 2006","Abril","Almería","31-40 años","31-40 años","1.0"
"Año 2006","Abril","Málaga","61-70 años","No consta","1.0"
"Año 2006","Abril","Las Palmas","61-70 años",">=85 años","1.0"
"Año 2006","Abril","Burgos","31-40 años","31-40 años","1.0"
"Año 2006","Abril","Alicante/Alacant","41-50 años","51-60 años","1.0"
"Año 2006","Mayo","Las Palmas","41-50 años","51-60 años","1.0"
"Año 2006","Mayo","Barcelona","31-40 años","31-40 años","1.0"
"Año 2006","Mayo","Cáceres","31-40 años","21-30 años","1.0"
"Año 2006","Mayo","Madrid","31-40 años","51-60 años","1.0"
"Año 2006","Mayo","Bizkaia","31-40 años","31-40 años","1.0"
"Año 2006","Junio","Córdoba","31-40 años","No consta","1.0"
"Año 2006","Junio","Murcia","61-70 años","61-70 años","1.0"
"Año 2006","Julio","Almería","41-50 años","41-50 años","1.0"
"Año 2006","Julio","Asturias","21-30 años","41-50 años","1.0"
"Año 2006","Julio","Illes Balears","51-60 años","61-70 años","1.0"
"Año 2006","Julio","Ávila","21-30 años","No consta","1.0"
"Año 2006","Julio","Ciudad Real","31-40 años","41-50 años","1.0"
"Año 2006","Julio","Valencia/València","61-70 años","71-84 años","1.0"
"Año 2006","Julio","Madrid","18-20 años","21-30 años","1.0"
"Año 2006","Julio","Bizkaia","21-30 años","21-30 años","1.0"
"Año 2006","Agosto","Granada","41-50 años","31-40 años","1.0"
"Año 2006","Agosto","Jaén","18-20 años","18-20 años","1.0"
"Año 2006","Agosto","Sevilla","51-60 años","51-60 años","1.0"
"Año 2006","Agosto","Las Palmas","31-40 años","31-40 años","1.0"
"Año 2006","Agosto","Ciudad Real","21-30 años","21-30 años","2.0"
"Año 2006","Agosto","Barcelona","31-40 años","21-30 años","1.0"
"Año 2006","Agosto","Barcelona","31-40 años","31-40 años","1.0"
"Año 2006","Agosto","Girona","31-40 años","31-40 años","1.0"
"Año 2006","Septiembre","Almería","31-40 años","41-50 años","1.0"
"Año 2006","Septiembre","Córdoba","16-17 años","21-30 años","1.0"
"Año 2006","Septiembre","Granada","41-50 años","41-50 años","1.0"
"Año 2006","Septiembre","Granada","71-84 años","71-84 años","1.0"
"Año 2006","Octubre","Granada","31-40 años","41-50 años","1.0"
"Año 2006","Octubre","Jaén","21-30 años","31-40 años","1.0"
"Año 2006","Octubre","Illes Balears","21-30 años","41-50 años","1.0"
"Año 2006","Octubre","Girona","21-30 años","31-40 años","1.0"
"Año 2006","Octubre","Alicante/Alacant","61-70 años","71-84 años","1.0"
"Año 2006","Octubre","Castellón/Castelló","31-40 años","21-30 años","1.0"
"Año 2006","Noviembre","Sevilla","41-50 años","41-50 años","1.0"
"Año 2006","Noviembre","Castellón/Castelló","71-84 años",">=85 años","1.0"
"Año 2006","Diciembre","Jaén","21-30 años","18-20 años","1.0"
"Año 2006","Diciembre","Málaga","41-50 años","41-50 años","1.0"
"Año 2006","Diciembre","Asturias","71-84 años",">=85 años","1.0"
"Año 2006","Diciembre","Santa Cruz de Tenerife","21-30 años","31-40 años","1.0"
"Año 2006","Diciembre","Barcelona","31-40 años","21-30 años","1.0"
"Año 2006","Diciembre","Valencia/València","51-60 años","51-60 años","1.0"
"Año 2007","Enero","Illes Balears","31-40 años","31-40 años","1.0"
"Año 2007","Enero","Soria","31-40 años","41-50 años","1.0"
"Año 2007","Enero","Ciudad Real","31-40 años","41-50 años","1.0"
"Año 2007","Enero","Lleida","31-40 años","41-50 años","1.0"
"Año 2007","Enero","Madrid","41-50 años","31-40 años","1.0"
"Año 2007","Febrero","Sevilla","31-40 años","31-40 años","1.0"
"Año 2007","Febrero","Asturias","61-70 años","61-70 años","1.0"
"Año 2007","Febrero","Barcelona","51-60 años","51-60 años","1.0"
"Año 2007","Febrero","Alicante/Alacant","31-40 años","31-40 años","1.0"
"Año 2007","Febrero","A Coruña","71-84 años","71-84 años","1.0"
"Año 2007","Febrero","Pontevedra","21-30 años","21-30 años","1.0"
"Año 2007","Febrero","Pontevedra","41-50 años","41-50 años","1.0"
"Año 2007","Febrero","Madrid","21-30 años","21-30 años","1.0"
"Año 2007","Febrero","Madrid","31-40 años","31-40 años","1.0"
"Año 2007","Marzo","Girona","41-50 años","41-50 años","1.0"
"Año 2007","Marzo","Alicante/Alacant","21-30 años","21-30 años","1.0"
"Año 2007","Marzo","Castellón/Castelló","31-40 años","41-50 años","1.0"
"Año 2007","Marzo","Bizkaia","61-70 años","71-84 años","1.0"
"Año 2007","Abril","Tarragona","31-40 años","41-50 años","1.0"
"Año 2007","Abril","Madrid","21-30 años","31-40 años","2.0"
"Año 2007","Abril","Navarra","21-30 años","21-30 años","1.0"
"Año 2007","Mayo","Almería","21-30 años","21-30 años","1.0"
"Año 2007","Mayo","Jaén","41-50 años","41-50 años","1.0"
"Año 2007","Mayo","Sevilla","71-84 años","71-84 años","1.0"
"Año 2007","Mayo","Santa Cruz de Tenerife","21-30 años","21-30 años","1.0"
"Año 2007","Mayo","Cantabria","41-50 años","31-40 años","1.0"
"Año 2007","Mayo","Ciudad Real","21-30 años","31-40 años","1.0"
"Año 2007","Mayo","Valencia/València","18-20 años","21-30 años","1.0"
"Año 2007","Junio","Asturias","21-30 años","31-40 años","1.0"
"Año 2007","Junio","Santa Cruz de Tenerife","61-70 años","61-70 años","1.0"
"Año 2007","Junio","Santa Cruz de Tenerife","71-84 años","61-70 años","1.0"
"Año 2007","Junio","Albacete","51-60 años","51-60 años","1.0"
"Año 2007","Junio","Toledo","21-30 años","21-30 años","1.0"
"Año 2007","Junio","Alicante/Alacant","41-50 años","31-40 años","1.0"
"Año 2007","Junio","Alicante/Alacant","41-50 años","41-50 años","1.0"
"Año 2007","Junio","A Coruña","61-70 años","61-70 años","1.0"
"Año 2007","Junio","Murcia","41-50 años","31-40 años","1.0"
"Año 2007","Junio","Araba/Álava","31-40 años","41-50 años","1.0"
"Año 2007","Julio","Segovia","41-50 años","51-60 años","1.0"
"Año 2007","Julio","Toledo","21-30 años","31-40 años","1.0"
"Año 2007","Julio","Barcelona","41-50 años","51-60 años","1.0"
"Año 2007","Julio","Barcelona","71-84 años","61-70 años","1.0"
"Año 2007","Julio","Castellón/Castelló","41-50 años","51-60 años","1.0"
"Año 2007","Julio","Madrid","31-40 años","31-40 años","1.0"
"Año 2007","Julio","Murcia","31-40 años","21-30 años","1.0"
"Año 2007","Julio","Melilla","41-50 años","61-70 años","1.0"
"Año 2007","Agosto","Huelva","51-60 años","61-70 años","1.0"
"Año 2007","Agosto","Santa Cruz de Tenerife","51-60 años","51-60 años","1.0"
"Año 2007","Agosto","Santa Cruz de Tenerife","61-70 años","41-50 años","1.0"
"Año 2007","Agosto","Tarragona","21-30 años","21-30 años","1.0"
"Año 2007","Agosto","Alicante/Alacant","41-50 años","41-50 años","1.0"
"Año 2007","Agosto","Valencia/València","18-20 años","21-30 años","1.0"
"Año 2007","Agosto","Madrid","21-30 años","31-40 años","1.0"
"Año 2007","Septiembre","Teruel","51-60 años","51-60 años","1.0"
"Año 2007","Septiembre","Zaragoza","51-60 años","61-70 años","1.0"
"Año 2007","Septiembre","Barcelona","21-30 años","21-30 años","1.0"
"Año 2007","Septiembre","Tarragona","51-60 años","51-60 años","1.0"
"Año 2007","Octubre","Córdoba","31-40 años","31-40 años","1.0"
"Año 2007","Octubre","Málaga","21-30 años","21-30 años","1.0"
"Año 2007","Octubre","Sevilla","31-40 años","31-40 años","1.0"
"Año 2007","Octubre","Valladolid","51-60 años","51-60 años","1.0"
"Año 2007","Octubre","Madrid","41-50 años","41-50 años","1.0"
"Año 2007","Noviembre","Las Palmas","31-40 años","31-40 años","1.0"
"Año 2007","Noviembre","Cantabria","71-84 años","71-84 años","1.0"
"Año 2007","Noviembre","Barcelona","21-30 años","41-50 años","1.0"
"Año 2007","Noviembre","Girona","61-70 años","61-70 años","1.0"
"Año 2007","Noviembre","Tarragona","51-60 años","41-50 años","1.0"
"Año 2007","Noviembre","Alicante/Alacant","21-30 años","21-30 años","1.0"
"Año 2007","Noviembre","Madrid","21-30 años","21-30 años","1.0"
"Año 2007","Diciembre","Pontevedra","41-50 años","31-40 años","1.0"
"Año 2008","Enero","Málaga","41-50 años","51-60 años","1.0"
"Año 2008","Enero","Alicante/Alacant","21-30 años","21-30 años","1.0"
"Año 2008","Enero","Pontevedra","51-60 años","61-70 años","1.0"
"Año 2008","Enero","Madrid","21-30 años","21-30 años","1.0"
"Año 2008","Enero","Madrid","41-50 años","31-40 años","1.0"
"Año 2008","Enero","Murcia","51-60 años","51-60 años","1.0"
"Año 2008","Enero","Navarra","18-20 años","21-30 años","1.0"
"Año 2008","Febrero","Cádiz","41-50 años","51-60 años","1.0"
"Año 2008","Febrero","Santa Cruz de Tenerife","41-50 años","41-50 años","1.0"
"Año 2008","Febrero","Valladolid","51-60 años","51-60 años","1.0"
"Año 2008","Febrero","Guadalajara","41-50 años","41-50 años","1.0"
"Año 2008","Febrero","Valencia/València","41-50 años","41-50 años","1.0"
"Año 2008","Febrero","Valencia/València","41-50 años","51-60 años","1.0"
"Año 2008","Febrero","Madrid","21-30 años","21-30 años","1.0"
"Año 2008","Febrero","Madrid","41-50 años","41-50 años","1.0"
"Año 2008","Marzo","Almería","51-60 años","51-60 años","1.0"
"Año 2008","Marzo","Burgos","51-60 años","61-70 años","1.0"
"Año 2008","Marzo","Barcelona","21-30 años","21-30 años","1.0"
"Año 2008","Marzo","Alicante/Alacant","41-50 años","41-50 años","1.0"
"Año 2008","Abril","Huesca","21-30 años","21-30 años","1.0"
"Año 2008","Abril","Guadalajara","31-40 años","31-40 años","1.0"
"Año 2008","Abril","Alicante/Alacant","16-17 años","21-30 años","1.0"
"Año 2008","Abril","Alicante/Alacant","18-20 años","31-40 años","1.0"
"Año 2008","Abril","Madrid","31-40 años","31-40 años","1.0"
"Año 2008","Mayo","Cádiz","61-70 años","71-84 años","1.0"
"Año 2008","Mayo","Zamora","31-40 años","41-50 años","1.0"
"Año 2008","Mayo","Barcelona","31-40 años","31-40 años","1.0"
"Año 2008","Junio","Córdoba","71-84 años","71-84 años","1.0"
"Año 2008","Junio","Barcelona","51-60 años","41-50 años","1.0"
"Año 2008","Junio","Girona","21-30 años","31-40 años","1.0"
"Año 2008","Junio","Madrid","31-40 años","31-40 años","1.0"
"Año 2008","Junio","La Rioja","21-30 años","31-40 años","1.0"
"Año 2008","Julio","Asturias","31-40 años","41-50 años","1.0"
"Año 2008","Julio","Barcelona","31-40 años","31-40 años","1.0"
"Año 2008","Julio","Madrid","31-40 años","41-50 años","1.0"
"Año 2008","Julio","Murcia","31-40 años","41-50 años","1.0"
"Año 2008","Julio","La Rioja","41-50 años","51-60 años","1.0"
"Año 2008","Agosto","Santa Cruz de Tenerife","21-30 años","41-50 años","1.0"
"Año 2008","Agosto","Salamanca","18-20 años","18-20 años","1.0"
"Año 2008","Agosto","Girona","18-20 años","31-40 años","1.0"
"Año 2008","Agosto","Valencia/València","41-50 años","31-40 años","1.0"
"Año 2008","Agosto","Pontevedra","21-30 años","41-50 años","1.0"
"Año 2008","Agosto","Madrid","51-60 años","51-60 años","1.0"
"Año 2008","Agosto","Navarra","51-60 años","71-84 años","1.0"
"Año 2008","Agosto","Araba/Álava","61-70 años","61-70 años","1.0"
"Año 2008","Septiembre","Málaga","21-30 años","21-30 años","1.0"
"Año 2008","Septiembre","Illes Balears","21-30 años","31-40 años","1.0"
"Año 2008","Septiembre","Valladolid","21-30 años","21-30 años","1.0"
"Año 2008","Septiembre","Valladolid","41-50 años","41-50 años","1.0"
"Año 2008","Septiembre","Barcelona","41-50 años","41-50 años","1.0"
"Año 2008","Septiembre","Valencia/València","31-40 años","31-40 años","1.0"
"Año 2008","Septiembre","Madrid","61-70 años","61-70 años","1.0"
"Año 2008","Octubre","Cádiz","31-40 años","31-40 años","1.0"
"Año 2008","Octubre","Granada","31-40 años","31-40 años","1.0"
"Año 2008","Octubre","Granada","41-50 años","41-50 años","1.0"
"Año 2008","Octubre","Madrid","21-30 años","41-50 años","1.0"
"Año 2008","Octubre","Murcia","21-30 años","31-40 años","1.0"
"Año 2008","Octubre","Navarra","41-50 años","51-60 años","1.0"
"Año 2008","Octubre","Bizkaia","21-30 años","31-40 años","1.0"
"Año 2008","Noviembre","Valencia/València","21-30 años","31-40 años","1.0"
"Año 2008","Noviembre","A Coruña","41-50 años","31-40 años","1.0"
"Año 2008","Noviembre","Pontevedra","21-30 años","41-50 años","1.0"
"Año 2008","Noviembre","Pontevedra","51-60 años","51-60 años","1.0"
"Año 2008","Noviembre","Madrid","61-70 años","61-70 años","1.0"
"Año 2008","Noviembre","Murcia","41-50 años","71-84 años","1.0"
"Año 2008","Diciembre","Las Palmas","21-30 años","21-30 años","1.0"
"Año 2008","Diciembre","Las Palmas","21-30 años","31-40 años","1.0"
"Año 2008","Diciembre","Santa Cruz de Tenerife","61-70 años","71-84 años","1.0"
"Año 2008","Diciembre","Guadalajara","21-30 años","21-30 años","1.0"
"Año 2008","Diciembre","Barcelona","31-40 años","31-40 años","1.0"
"Año 2008","Diciembre","Barcelona","51-60 años","51-60 años","1.0"
"Año 2008","Diciembre","Lleida","41-50 años","51-60 años","1.0"
"Año 2008","Diciembre","Valencia/València","31-40 años","21-30 años","1.0"
"Año 2008","Diciembre","A Coruña","51-60 años","61-70 años","1.0"
"Año 2008","Diciembre","Pontevedra","41-50 años","41-50 años","1.0"
"Año 2008","Diciembre","Gipuzkoa","31-40 años","21-30 años","1.0"
"Año 2009","Febrero","Granada","51-60 años","61-70 años","1.0"
"Año 2009","Febrero","Huelva","31-40 años","31-40 años","1.0"
"Año 2009","Febrero","Sevilla","21-30 años","21-30 años","1.0"
"Año 2009","Febrero","Madrid","21-30 años","31-40 años","1.0"
"Año 2009","Febrero","Madrid","31-40 años","31-40 años","1.0"
"Año 2009","Marzo","Málaga","41-50 años","41-50 años","1.0"
"Año 2009","Marzo","Santa Cruz de Tenerife","31-40 años","41-50 años","1.0"
"Año 2009","Marzo","Tarragona","21-30 años","31-40 años","1.0"
"Año 2009","Marzo","Castellón/Castelló","41-50 años","41-50 años","1.0"
"Año 2009","Marzo","Valencia/València","61-70 años","51-60 años","1.0"
"Año 2009","Marzo","Bizkaia","41-50 años","41-50 años","1.0"
"Año 2009","Abril","Granada","71-84 años","71-84 años","1.0"
"Año 2009","Abril","Cáceres","51-60 años","61-70 años","1.0"
"Año 2009","Mayo","Almería","41-50 años","41-50 años","1.0"
"Año 2009","Mayo","Santa Cruz de Tenerife","31-40 años","31-40 años","1.0"
"Año 2009","Mayo","Santa Cruz de Tenerife","41-50 años","41-50 años","1.0"
"Año 2009","Mayo","Barcelona","18-20 años","21-30 años","2.0"
"Año 2009","Mayo","Barcelona","31-40 años","51-60 años","1.0"
"Año 2009","Mayo","Alicante/Alacant","18-20 años","21-30 años","1.0"
"Año 2009","Mayo","Castellón/Castelló","31-40 años","31-40 años","1.0"
"Año 2009","Mayo","Gipuzkoa","31-40 años","31-40 años","1.0"
"Año 2009","Junio","Las Palmas","51-60 años","51-60 años","1.0"
"Año 2009","Junio","Barcelona","31-40 años","21-30 años","1.0"
"Año 2009","Junio","Alicante/Alacant","31-40 años","41-50 años","1.0"
"Año 2009","Junio","Madrid","21-30 años","21-30 años","1.0"
"Año 2009","Junio","Madrid","71-84 años","71-84 años","1.0"
"Año 2009","Julio","Málaga","51-60 años","51-60 años","1.0"
"Año 2009","Julio","Sevilla","51-60 años","51-60 años","1.0"
"Año 2009","Julio","Toledo","31-40 años","21-30 años","1.0"
"Año 2009","Julio","A Coruña","31-40 años","41-50 años","1.0"
"Año 2009","Julio","Murcia","41-50 años","61-70 años","1.0"
"Año 2009","Julio","Ceuta","21-30 años","31-40 años","1.0"
"Año 2009","Agosto","Málaga","61-70 años","61-70 años","1.0"
"Año 2009","Agosto","Barcelona","21-30 años","18-20 años","1.0"
"Año 2009","Agosto","Barcelona","41-50 años","41-50 años","1.0"
"Año 2009","Agosto","A Coruña","71-84 años","71-84 años","1.0"
"Año 2009","Agosto","Ourense","18-20 años","31-40 años","1.0"
"Año 2009","Agosto","Murcia","21-30 años","31-40 años","1.0"
"Año 2009","Septiembre","Almería","41-50 años","51-60 años","1.0"
"Año 2009","Septiembre","Santa Cruz de Tenerife","31-40 años","31-40 años","1.0"
"Año 2009","Septiembre","Ávila","21-30 años","21-30 años","1.0"
"Año 2009","Septiembre","Barcelona","21-30 años","31-40 años","1.0"
"Año 2009","Septiembre","Alicante/Alacant","31-40 años","41-50 años","1.0"
"Año 2009","Septiembre","Valencia/València","31-40 años","31-40 años","1.0"
"Año 2009","Octubre","Córdoba","51-60 años","61-70 años","1.0"
"Año 2009","Octubre","Málaga","21-30 años","21-30 años","1.0"
"Año 2009","Octubre","Illes Balears","31-40 años","41-50 años","1.0"
"Año 2009","Octubre","Tarragona","31-40 años","31-40 años","1.0"
"Año 2009","Octubre","Tarragona","41-50 años","51-60 años","1.0"
"Año 2009","Octubre","Alicante/Alacant","51-60 años","61-70 años","1.0"
"Año 2009","Noviembre","La Rioja","31-40 años","31-40 años","1.0"
"Año 2009","Diciembre","Almería","61-70 años","61-70 años","1.0"
"Año 2009","Diciembre","Huelva","41-50 años","21-30 años","1.0"
"Año 2009","Diciembre","Málaga","21-30 años","21-30 años","1.0"
"Año 2009","Diciembre","Valencia/València","71-84 años",">=85 años","1.0"
"Año 2009","Diciembre","Madrid","18-20 años","31-40 años","1.0"
"Año 2010","Enero","Sevilla","41-50 años","51-60 años","1.0"
"Año 2010","Enero","Illes Balears","41-50 años","51-60 años","1.0"
"Año 2010","Enero","Madrid","31-40 años","31-40 años","1.0"
"Año 2010","Febrero","Almería","21-30 años","31-40 años","1.0"
"Año 2010","Febrero","Asturias","51-60 años","51-60 años","1.0"
"Año 2010","Febrero","Tarragona","31-40 años","41-50 años","1.0"
"Año 2010","Febrero","Madrid","21-30 años","31-40 años","1.0"
"Año 2010","Marzo","Almería","41-50 años","41-50 años","1.0"
"Año 2010","Marzo","Huelva","51-60 años","51-60 años","1.0"
"Año 2010","Marzo","Santa Cruz de Tenerife","31-40 años","61-70 años","1.0"
"Año 2010","Marzo","Burgos","21-30 años","31-40 años","1.0"
"Año 2010","Marzo","Valladolid","51-60 años","51-60 años","1.0"
"Año 2010","Marzo","Barcelona","31-40 años","31-40 años","1.0"
"Año 2010","Marzo","Castellón/Castelló","51-60 años","61-70 años","1.0"
"Año 2010","Abril","Málaga","51-60 años","71-84 años","1.0"
"Año 2010","Abril","Zaragoza","21-30 años","41-50 años","1.0"
"Año 2010","Abril","Asturias","41-50 años","31-40 años","1.0"
"Año 2010","Abril","Asturias","51-60 años","51-60 años","1.0"
"Año 2010","Abril","Burgos","51-60 años","51-60 años","1.0"
"Año 2010","Abril","Alicante/Alacant","21-30 años","31-40 años","1.0"
"Año 2010","Abril","Valencia/València","51-60 años","41-50 años","1.0"
"Año 2010","Abril","Madrid","21-30 años","31-40 años","1.0"
"Año 2010","Mayo","Sevilla","31-40 años","31-40 años","1.0"
"Año 2010","Mayo","Sevilla","41-50 años","31-40 años","1.0"
"Año 2010","Mayo","Santa Cruz de Tenerife","31-40 años","31-40 años","1.0"
"Año 2010","Mayo","Barcelona","31-40 años","31-40 años","1.0"
"Año 2010","Mayo","Girona","41-50 años","51-60 años","1.0"
"Año 2010","Mayo","Murcia","61-70 años","51-60 años","1.0"
"Año 2010","Junio","Almería","31-40 años","31-40 años","1.0"
"Año 2010","Junio","Asturias","51-60 años","51-60 años","1.0"
"Año 2010","Junio","Santa Cruz de Tenerife","41-50 años","41-50 años","1.0"
"Año 2010","Junio","Girona","31-40 años","51-60 años","1.0"
"Año 2010","Junio","Alicante/Alacant","51-60 años","51-60 años","1.0"
"Año 2010","Julio","Cádiz","51-60 años","61-70 años","1.0"
"Año 2010","Julio","Granada","41-50 años","61-70 años","1.0"
"Año 2010","Julio","Zaragoza","41-50 años","41-50 años","1.0"
"Año 2010","Julio","Las Palmas","21-30 años","31-40 años","1.0"
"Año 2010","Julio","Santa Cruz de Tenerife","31-40 años","31-40 años","1.0"
"Año 2010","Julio","Santa Cruz de Tenerife","41-50 años","51-60 años","1.0"
"Año 2010","Julio","Cuenca","31-40 años","41-50 años","1.0"
"Año 2010","Julio","Cuenca","61-70 años","71-84 años","1.0"
"Año 2010","Julio","Barcelona","21-30 años","31-40 años","1.0"
"Año 2010","Julio","Bizkaia","31-40 años","41-50 años","1.0"
"Año 2010","Agosto","Girona","41-50 años","31-40 años","1.0"
"Año 2010","Agosto","Lugo","41-50 años","41-50 años","1.0"
"Año 2010","Septiembre","Almería","31-40 años","41-50 años","1.0"
"Año 2010","Septiembre","Córdoba","21-30 años","31-40 años","1.0"
"Año 2010","Septiembre","Asturias","21-30 años","21-30 años","1.0"
"Año 2010","Septiembre","Palencia","41-50 años","41-50 años","1.0"
"Año 2010","Septiembre","Barcelona","21-30 años","31-40 años","1.0"
"Año 2010","Septiembre","Girona","31-40 años","31-40 años","1.0"
"Año 2010","Septiembre","Castellón/Castelló","31-40 años","41-50 años","1.0"
"Año 2010","Septiembre","A Coruña","31-40 años","51-60 años","1.0"
"Año 2010","Octubre","Granada","31-40 años","51-60 años","1.0"
"Año 2010","Octubre","Málaga","71-84 años","71-84 años","1.0"
"Año 2010","Octubre","Barcelona","41-50 años","41-50 años","1.0"
"Año 2010","Octubre","Tarragona","21-30 años","31-40 años","1.0"
"Año 2010","Octubre","Alicante/Alacant","51-60 años","51-60 años","1.0"
"Año 2010","Octubre","Madrid","41-50 años","51-60 años","1.0"
"Año 2010","Noviembre","Almería","31-40 años","41-50 años","1.0"
"Año 2010","Noviembre","Sevilla","31-40 años","31-40 años","1.0"
"Año 2010","Noviembre","Illes Balears","41-50 años",">=85 años","1.0"
"Año 2010","Noviembre","Santa Cruz de Tenerife","31-40 años","31-40 años","1.0"
"Año 2010","Noviembre","Valencia/València","51-60 años","41-50 años","1.0"
"Año 2010","Noviembre","Madrid","16-17 años","18-20 años","1.0"
"Año 2010","Noviembre","Madrid","71-84 años","71-84 años","1.0"
"Año 2010","Diciembre","Málaga","21-30 años","21-30 años","1.0"
"Año 2010","Diciembre","Ciudad Real","21-30 años","21-30 años","1.0"
"Año 2010","Diciembre","Barcelona","41-50 años","31-40 años","1.0"
"Año 2010","Diciembre","Alicante/Alacant","21-30 años","21-30 años","1.0"
"Año 2010","Diciembre","Badajoz","41-50 años","51-60 años","1.0"
"Año 2010","Diciembre","Madrid","31-40 años","41-50 años","1.0"
"Año 2010","Diciembre","Bizkaia","21-30 años","21-30 años","1.0"
"Año 2011","Enero","Granada","21-30 años","31-40 años","1.0"
"Año 2011","Enero","Jaén","41-50 años","41-50 años","1.0"
"Año 2011","Enero","Illes Balears","61-70 años",">=85 años","1.0"
"Año 2011","Enero","Las Palmas","51-60 años","41-50 años","1.0"
"Año 2011","Enero","Segovia","41-50 años","51-60 años","1.0"
"Año 2011","Enero","Ciudad Real","41-50 años","41-50 años","1.0"
"Año 2011","Enero","Madrid","51-60 años","41-50 años","1.0"
"Año 2011","Enero","Murcia","31-40 años","51-60 años","1.0"
"Año 2011","Febrero","Almería","21-30 años","41-50 años","1.0"
"Año 2011","Febrero","Almería","41-50 años","31-40 años","1.0"
"Año 2011","Febrero","Málaga","31-40 años","41-50 años","1.0"
"Año 2011","Febrero","Barcelona","21-30 años","21-30 años","1.0"
"Año 2011","Febrero","Tarragona","41-50 años","31-40 años","1.0"
"Año 2011","Febrero","Valencia/València","31-40 años","61-70 años","1.0"
"Año 2011","Marzo","Granada","51-60 años","51-60 años","1.0"
"Año 2011","Marzo","Jaén","41-50 años","41-50 años","1.0"
"Año 2011","Marzo","Madrid","51-60 años","51-60 años","1.0"
"Año 2011","Abril","Alicante/Alacant","21-30 años","41-50 años","1.0"
"Año 2011","Abril","Madrid","18-20 años","21-30 años","1.0"
"Año 2011","Abril","Navarra","21-30 años","21-30 años","1.0"
"Año 2011","Mayo","Almería","21-30 años","31-40 años","1.0"
"Año 2011","Mayo","Almería","21-30 años","41-50 años","1.0"
"Año 2011","Mayo","Córdoba","21-30 años","21-30 años","1.0"
"Año 2011","Mayo","Barcelona","31-40 años","41-50 años","1.0"
"Año 2011","Mayo","Girona","61-70 años","71-84 años","1.0"
"Año 2011","Mayo","A Coruña","18-20 años","21-30 años","1.0"
"Año 2011","Mayo","Madrid","41-50 años","31-40 años","1.0"
"Año 2011","Mayo","Madrid","41-50 años","41-50 años","1.0"
"Año 2011","Junio","Asturias","51-60 años","61-70 años","1.0"
"Año 2011","Junio","Valencia/València","71-84 años","71-84 años","1.0"
"Año 2011","Julio","Granada","18-20 años","21-30 años","1.0"
"Año 2011","Julio","Zaragoza","21-30 años","21-30 años","1.0"
"Año 2011","Julio","Barcelona","21-30 años","21-30 años","1.0"
"Año 2011","Julio","Alicante/Alacant","21-30 años","51-60 años","1.0"
"Año 2011","Julio","Valencia/València","21-30 años","31-40 años","1.0"
"Año 2011","Julio","Madrid","31-40 años","51-60 años","1.0"
"Año 2011","Julio","Gipuzkoa","51-60 años","41-50 años","1.0"
"Año 2011","Agosto","Burgos","41-50 años","51-60 años","1.0"
"Año 2011","Agosto","Madrid","61-70 años","61-70 años","1.0"
"Año 2011","Agosto","Murcia","61-70 años","71-84 años","1.0"
"Año 2011","Agosto","Bizkaia","31-40 años","31-40 años","1.0"
"Año 2011","Septiembre","Almería","31-40 años","41-50 años","1.0"
"Año 2011","Septiembre","Cádiz","61-70 años","61-70 años","1.0"
"Año 2011","Septiembre","Sevilla","41-50 años","41-50 años","1.0"
"Año 2011","Septiembre","Santa Cruz de Tenerife","31-40 años","51-60 años","1.0"
"Año 2011","Septiembre","Castellón/Castelló","41-50 años","51-60 años","1.0"
"Año 2011","Septiembre","Valencia/València","31-40 años","51-60 años","1.0"
"Año 2011","Octubre","Málaga","51-60 años","51-60 años","1.0"
"Año 2011","Octubre","Asturias","21-30 años","21-30 años","1.0"
"Año 2011","Octubre","Las Palmas","31-40 años","31-40 años","1.0"
"Año 2011","Octubre","Girona","31-40 años","41-50 años","1.0"
"Año 2011","Octubre","Alicante/Alacant","71-84 años","71-84 años","1.0"
"Año 2011","Octubre","Pontevedra","31-40 años","41-50 años","1.0"
"Año 2011","Noviembre","Zaragoza","21-30 años","51-60 años","1.0"
"Año 2011","Noviembre","Barcelona","41-50 años","41-50 años","1.0"
"Año 2011","Noviembre","Lleida","31-40 años","51-60 años","1.0"
"Año 2011","Diciembre","Almería","31-40 años","51-60 años","1.0"
"Año 2011","Diciembre","Sevilla","21-30 años","31-40 años","1.0"
"Año 2011","Diciembre","Girona","51-60 años","51-60 años","1.0"
"Año 2011","Diciembre","A Coruña","31-40 años","31-40 años","1.0"
"Año 2011","Diciembre","Madrid","31-40 años","31-40 años","1.0"
"Año 2011","Diciembre","Madrid","51-60 años","41-50 años","1.0"
"Año 2012","Enero","Jaén","41-50 años","51-60 años","1.0"
"Año 2012","Enero","Barcelona","51-60 años","21-30 años","1.0"
"Año 2012","Enero","Barcelona","51-60 años","51-60 años","1.0"
"Año 2012","Enero","Barcelona","51-60 años","61-70 años","1.0"
"Año 2012","Enero","Girona","21-30 años","31-40 años","1.0"
"Año 2012","Enero","Tarragona","31-40 años","31-40 años","1.0"
"Año 2012","Enero","Tarragona","41-50 años","51-60 años","1.0"
"Año 2012","Enero","Badajoz","71-84 años","71-84 años","1.0"
"Año 2012","Febrero","Valencia/València","41-50 años","41-50 años","1.0"
"Año 2012","Febrero","Madrid","41-50 años","31-40 años","1.0"
"Año 2012","Marzo","Ourense","61-70 años","71-84 años","1.0"
"Año 2012","Marzo","Gipuzkoa","31-40 años","21-30 años","1.0"
"Año 2012","Abril","Sevilla","21-30 años","18-20 años","1.0"
"Año 2012","Abril","Sevilla","51-60 años","51-60 años","1.0"
"Año 2012","Abril","Las Palmas","21-30 años","31-40 años","1.0"
"Año 2012","Abril","Madrid","61-70 años",">=85 años","1.0"
"Año 2012","Mayo","Málaga","71-84 años","71-84 años","1.0"
"Año 2012","Mayo","Ciudad Real","41-50 años","41-50 años","1.0"
"Año 2012","Mayo","Alicante/Alacant","21-30 años","51-60 años","1.0"
"Año 2012","Junio","Málaga","61-70 años","71-84 años","1.0"
"Año 2012","Junio","Zaragoza","21-30 años","41-50 años","1.0"
"Año 2012","Junio","Asturias","51-60 años","61-70 años","1.0"
"Año 2012","Junio","Illes Balears","51-60 años","51-60 años","1.0"
"Año 2012","Junio","Barcelona","61-70 años","61-70 años","1.0"
"Año 2012","Junio","Girona","21-30 años","21-30 años","1.0"
"Año 2012","Junio","Tarragona","21-30 años","31-40 años","1.0"
"Año 2012","Junio","Alicante/Alacant","21-30 años","31-40 años","1.0"
"Año 2012","Junio","Alicante/Alacant","31-40 años","41-50 años","1.0"
"Año 2012","Junio","A Coruña","21-30 años","31-40 años","1.0"
"Año 2012","Julio","Santa Cruz de Tenerife","41-50 años","41-50 años","1.0"
"Año 2012","Julio","Valencia/València","51-60 años","51-60 años","1.0"
"Año 2012","Julio","Madrid","51-60 años","31-40 años","1.0"
"Año 2012","Agosto","Guadalajara","21-30 años","31-40 años","1.0"
"Año 2012","Agosto","Madrid","31-40 años","41-50 años","1.0"
"Año 2012","Septiembre","Barcelona","31-40 años","31-40 años","1.0"
"Año 2012","Septiembre","Valencia/València","31-40 años","31-40 años","1.0"
"Año 2012","Octubre","Jaén","21-30 años","21-30 años","1.0"
"Año 2012","Octubre","Illes Balears","61-70 años","51-60 años","1.0"
"Año 2012","Octubre","León","21-30 años","31-40 años","1.0"
"Año 2012","Octubre","Albacete","<16 años","31-40 años","1.0"
"Año 2012","Octubre","Cuenca","31-40 años","31-40 años","1.0"
"Año 2012","Octubre","Tarragona","61-70 años","71-84 años","1.0"
"Año 2012","Noviembre","Granada","71-84 años","71-84 años","1.0"
"Año 2012","Noviembre","León","41-50 años","51-60 años","1.0"
"Año 2012","Noviembre","A Coruña","51-60 años","61-70 años","1.0"
"Año 2012","Noviembre","Madrid","18-20 años","21-30 años","1.0"
"Año 2012","Noviembre","Madrid","21-30 años","31-40 años","1.0"
"Año 2012","Noviembre","Araba/Álava","61-70 años","61-70 años","1.0"
"Año 2012","Diciembre","Barcelona","41-50 años","41-50 años","1.0"
"Año 2012","Diciembre","Barcelona","71-84 años","71-84 años","1.0"
"Año 2012","Diciembre","A Coruña","41-50 años","41-50 años","1.0"
"Año 2013","Enero","Albacete","21-30 años","51-60 años","1.0"
"Año 2013","Enero","Alicante/Alacant","31-40 años","41-50 años","1.0"
"Año 2013","Enero","Valencia/València","31-40 años","31-40 años","1.0"
"Año 2013","Enero","Madrid","31-40 años","41-50 años","1.0"
"Año 2013","Febrero","Zaragoza","31-40 años","31-40 años","1.0"
"Año 2013","Febrero","Illes Balears","41-50 años","41-50 años","1.0"
"Año 2013","Febrero","Santa Cruz de Tenerife","31-40 años","41-50 años","1.0"
"Año 2013","Febrero","Ciudad Real","21-30 años","31-40 años","1.0"
"Año 2013","Marzo","Sevilla","41-50 años","41-50 años","1.0"
"Año 2013","Marzo","Illes Balears","31-40 años","31-40 años","1.0"
"Año 2013","Marzo","Tarragona","31-40 años","31-40 años","1.0"
"Año 2013","Marzo","Alicante/Alacant","41-50 años","41-50 años","1.0"
"Año 2013","Marzo","Valencia/València","31-40 años","41-50 años","1.0"
"Año 2013","Marzo","Lugo","31-40 años","41-50 años","1.0"
"Año 2013","Marzo","Madrid","31-40 años","31-40 años","1.0"
"Año 2013","Marzo","Madrid","61-70 años","61-70 años","1.0"
"Año 2013","Abril","Jaén","61-70 años","71-84 años","1.0"
"Año 2013","Abril","Zaragoza","41-50 años","51-60 años","1.0"
"Año 2013","Abril","Zamora","51-60 años","61-70 años","1.0"
"Año 2013","Abril","Lleida","21-30 años","31-40 años","1.0"
"Año 2013","Abril","Madrid","31-40 años","41-50 años","1.0"
"Año 2013","Abril","Madrid","61-70 años","71-84 años","1.0"
"Año 2013","Mayo","Córdoba","51-60 años","51-60 años","1.0"
"Año 2013","Mayo","Jaén","51-60 años","41-50 años","1.0"
"Año 2013","Mayo","Cantabria","21-30 años","31-40 años","1.0"
"Año 2013","Mayo","León","18-20 años","21-30 años","1.0"
"Año 2013","Mayo","Madrid","31-40 años","21-30 años","1.0"
"Año 2013","Mayo","Araba/Álava","21-30 años","41-50 años","1.0"
"Año 2013","Junio","Cádiz","21-30 años","21-30 años","1.0"
"Año 2013","Junio","Córdoba","71-84 años","71-84 años","1.0"
"Año 2013","Julio","Granada","21-30 años","31-40 años","1.0"
"Año 2013","Julio","Las Palmas","31-40 años","21-30 años","1.0"
"Año 2013","Agosto","Asturias","71-84 años",">=85 años","1.0"
"Año 2013","Agosto","Badajoz","61-70 años","71-84 años","1.0"
"Año 2013","Septiembre","Málaga","21-30 años","31-40 años","1.0"
"Año 2013","Septiembre","León","21-30 años","21-30 años","1.0"
"Año 2013","Septiembre","Palencia","41-50 años","41-50 años","1.0"
"Año 2013","Septiembre","Guadalajara","31-40 años","31-40 años","1.0"
"Año 2013","Septiembre","Valencia/València","41-50 años","41-50 años","1.0"
"Año 2013","Septiembre","Ourense","51-60 años","61-70 años","1.0"
"Año 2013","Septiembre","Madrid","31-40 años","41-50 años","1.0"
"Año 2013","Septiembre","Madrid","41-50 años","31-40 años","1.0"
"Año 2013","Octubre","Almería","21-30 años","31-40 años","1.0"
"Año 2013","Octubre","Lleida","<16 años","18-20 años","1.0"
"Año 2013","Octubre","Alicante/Alacant","21-30 años","31-40 años","1.0"
"Año 2013","Octubre","Castellón/Castelló","51-60 años","51-60 años","1.0"
"Año 2013","Octubre","Valencia/València","41-50 años","41-50 años","1.0"
"Año 2013","Noviembre","Málaga","31-40 años","41-50 años","1.0"
"Año 2013","Noviembre","Málaga","61-70 años","61-70 años","1.0"
"Año 2013","Noviembre","Cuenca","31-40 años","41-50 años","1.0"
"Año 2013","Noviembre","Valencia/València","21-30 años","31-40 años","1.0"
"Año 2013","Noviembre","Madrid","41-50 años","31-40 años","1.0"
"Año 2013","Diciembre","Barcelona","31-40 años","31-40 años","1.0"
"Año 2013","Diciembre","Pontevedra","41-50 años","31-40 años","1.0"
"Año 2014","Enero","Córdoba","41-50 años","31-40 años","1.0"
"Año 2014","Enero","Santa Cruz de Tenerife","31-40 años","31-40 años","1.0"
"Año 2014","Enero","Barcelona","41-50 años","41-50 años","1.0"
"Año 2014","Enero","Tarragona","51-60 años","51-60 años","1.0"
"Año 2014","Enero","Alicante/Alacant","51-60 años","51-60 años","1.0"
"Año 2014","Enero","Lugo","41-50 años","51-60 años","1.0"
"Año 2014","Enero","Madrid","21-30 años","18-20 años","1.0"
"Año 2014","Febrero","Barcelona","41-50 años","41-50 años","1.0"
"Año 2014","Febrero","Barcelona","71-84 años","71-84 años","1.0"
"Año 2014","Febrero","Alicante/Alacant","51-60 años","21-30 años","1.0"
"Año 2014","Febrero","A Coruña","31-40 años","41-50 años","1.0"
"Año 2014","Febrero","Madrid","41-50 años","31-40 años","1.0"
"Año 2014","Marzo","Cádiz","71-84 años","71-84 años","1.0"
"Año 2014","Marzo","Málaga","41-50 años","41-50 años","1.0"
"Año 2014","Marzo","Illes Balears","31-40 años","21-30 años","1.0"
"Año 2014","Marzo","Valladolid","31-40 años","31-40 años","1.0"
"Año 2014","Marzo","Barcelona","51-60 años","51-60 años","1.0"
"Año 2014","Marzo","Madrid","41-50 años","41-50 años","1.0"
"Año 2014","Marzo","Bizkaia","31-40 años","31-40 años","1.0"
"Año 2014","Marzo","Melilla","51-60 años","61-70 años","1.0"
"Año 2014","Abril","Cádiz","41-50 años","41-50 años","1.0"
"Año 2014","Abril","Barcelona","41-50 años","41-50 años","1.0"
"Año 2014","Abril","Tarragona","71-84 años","71-84 años","1.0"
"Año 2014","Abril","A Coruña","41-50 años","41-50 años","1.0"
"Año 2014","Abril","Lugo","61-70 años","61-70 años","1.0"
"Año 2014","Mayo","Almería","31-40 años","31-40 años","1.0"
"Año 2014","Mayo","Madrid","21-30 años","31-40 años","1.0"
"Año 2014","Junio","Granada","51-60 años","51-60 años","1.0"
"Año 2014","Junio","Illes Balears","41-50 años","41-50 años","1.0"
"Año 2014","Junio","León","51-60 años","51-60 años","1.0"
"Año 2014","Julio","Málaga","21-30 años","21-30 años","1.0"
"Año 2014","Julio","Illes Balears","41-50 años","51-60 años","1.0"
"Año 2014","Julio","Pontevedra","71-84 años","71-84 años","1.0"
"Año 2014","Agosto","Almería","41-50 años","31-40 años","1.0"
"Año 2014","Agosto","Málaga","31-40 años","31-40 años","1.0"
"Año 2014","Agosto","Barcelona","41-50 años","41-50 años","1.0"
"Año 2014","Agosto","Barcelona","41-50 años","61-70 años","1.0"
"Año 2014","Agosto","Alicante/Alacant","31-40 años","31-40 años","1.0"
"Año 2014","Agosto","Alicante/Alacant",">=85 años",">=85 años","1.0"
"Año 2014","Agosto","Pontevedra","31-40 años","41-50 años","1.0"
"Año 2014","Agosto","Madrid","31-40 años","51-60 años","1.0"
"Año 2014","Septiembre","Granada","51-60 años","51-60 años","1.0"
"Año 2014","Septiembre","Alicante/Alacant","71-84 años","61-70 años","1.0"
"Año 2014","Octubre","Barcelona","21-30 años","41-50 años","1.0"
"Año 2014","Octubre","Valencia/València","41-50 años","41-50 años","1.0"
"Año 2014","Noviembre","Barcelona","31-40 años","31-40 años","1.0"
"Año 2014","Noviembre","Barcelona","41-50 años","41-50 años","1.0"
"Año 2014","Noviembre","Girona","31-40 años","51-60 años","1.0"
"Año 2014","Noviembre","Madrid","31-40 años","31-40 años","1.0"
"Año 2014","Noviembre","Araba/Álava","41-50 años","41-50 años","1.0"
"Año 2014","Diciembre","Valladolid","31-40 años","41-50 años","1.0"
"Año 2014","Diciembre","Valencia/València","31-40 años","31-40 años","1.0"
"Año 2014","Diciembre","Madrid","31-40 años","51-60 años","1.0"
"Año 2014","Diciembre","Bizkaia","51-60 años","51-60 años","1.0"
"Año 2014","Diciembre","Melilla","18-20 años","31-40 años","1.0"
"Año 2015","Enero","Barcelona","31-40 años","41-50 años","1.0"
"Año 2015","Enero","Alicante/Alacant","61-70 años","51-60 años","1.0"
"Año 2015","Enero","Alicante/Alacant","61-70 años","61-70 años","1.0"
"Año 2015","Febrero","Málaga","31-40 años","51-60 años","1.0"
"Año 2015","Febrero","Valencia/València","31-40 años","41-50 años","1.0"
"Año 2015","Marzo","Málaga","21-30 años","41-50 años","1.0"
"Año 2015","Marzo","Lleida","21-30 años","31-40 años","1.0"
"Año 2015","Marzo","Alicante/Alacant","41-50 años","31-40 años","1.0"
"Año 2015","Marzo","Cáceres","21-30 años","21-30 años","1.0"
"Año 2015","Abril","Araba/Álava","21-30 años","31-40 años","1.0"
"Año 2015","Mayo","Almería","41-50 años","41-50 años","1.0"
"Año 2015","Mayo","Alicante/Alacant","41-50 años","41-50 años","1.0"
"Año 2015","Mayo","Ourense","61-70 años","71-84 años","1.0"
"Año 2015","Mayo","Madrid","41-50 años","41-50 años","1.0"
"Año 2015","Junio","Málaga","31-40 años","51-60 años","1.0"
"Año 2015","Junio","Sevilla","41-50 años","51-60 años","1.0"
"Año 2015","Junio","Cantabria","31-40 años","41-50 años","1.0"
"Año 2015","Junio","Soria","31-40 años","31-40 años","1.0"
"Año 2015","Junio","Barcelona","41-50 años","41-50 años","1.0"
"Año 2015","Julio","Málaga","51-60 años","51-60 años","1.0"
"Año 2015","Julio","Asturias","41-50 años","31-40 años","1.0"
"Año 2015","Julio","Asturias","61-70 años","61-70 años","1.0"
"Año 2015","Julio","Illes Balears","31-40 años","31-40 años","1.0"
"Año 2015","Julio","Santa Cruz de Tenerife","21-30 años","31-40 años","1.0"
"Año 2015","Julio","Barcelona","31-40 años","41-50 años","1.0"
"Año 2015","Julio","Valencia/València","41-50 años","41-50 años","1.0"
"Año 2015","Julio","Pontevedra","21-30 años","31-40 años","1.0"
"Año 2015","Julio","Madrid","21-30 años","21-30 años","1.0"
"Año 2015","Agosto","Granada","61-70 años","61-70 años","1.0"
"Año 2015","Agosto","Jaén","41-50 años","51-60 años","1.0"
"Año 2015","Agosto","Cuenca","21-30 años","21-30 años","1.0"
"Año 2015","Agosto","Barcelona","41-50 años","41-50 años","1.0"
"Año 2015","Agosto","Barcelona","41-50 años","51-60 años","1.0"
"Año 2015","Agosto","Bizkaia","31-40 años","31-40 años","1.0"
"Año 2015","Septiembre","Valencia/València","41-50 años","41-50 años","1.0"
"Año 2015","Septiembre","Pontevedra","41-50 años","31-40 años","1.0"
"Año 2015","Octubre","Santa Cruz de Tenerife","31-40 años","31-40 años","1.0"
"Año 2015","Octubre","Palencia","31-40 años","41-50 años","1.0"
"Año 2015","Octubre","Pontevedra","31-40 años","31-40 años","1.0"
"Año 2015","Octubre","Pontevedra","31-40 años","51-60 años","1.0"
"Año 2015","Octubre","Pontevedra","61-70 años","51-60 años","1.0"
"Año 2015","Octubre","Murcia","21-30 años","31-40 años","1.0"
"Año 2015","Octubre","Bizkaia","31-40 años","31-40 años","1.0"
"Año 2015","Noviembre","Córdoba","21-30 años","51-60 años","1.0"
"Año 2015","Noviembre","Sevilla","41-50 años","41-50 años","1.0"
"Año 2015","Noviembre","Sevilla","41-50 años","51-60 años","1.0"
"Año 2015","Noviembre","Asturias","61-70 años","51-60 años","1.0"
"Año 2015","Noviembre","Alicante/Alacant","41-50 años","41-50 años","1.0"
"Año 2015","Noviembre","Valencia/València","41-50 años","41-50 años","1.0"
"Año 2015","Noviembre","Madrid","31-40 años","31-40 años","1.0"
"Año 2015","Diciembre","Almería","21-30 años","51-60 años","1.0"
"Año 2015","Diciembre","Granada","51-60 años","51-60 años","1.0"
"Año 2015","Diciembre","Sevilla","31-40 años","31-40 años","1.0"
"Año 2015","Diciembre","Zaragoza","41-50 años","41-50 años","1.0"
"Año 2015","Diciembre","Las Palmas","21-30 años","31-40 años","1.0"
"Año 2015","Diciembre","Alicante/Alacant","31-40 años","31-40 años","2.0"
"Año 2015","Diciembre","A Coruña","71-84 años","71-84 años","1.0"
"Año 2015","Diciembre","Pontevedra","61-70 años","61-70 años","1.0"
"Año 2015","Diciembre","Madrid","41-50 años","41-50 años","1.0"
"Año 2016","Enero","Asturias","41-50 años","41-50 años","1.0"
"Año 2016","Enero","Illes Balears","41-50 años","41-50 años","1.0"
"Año 2016","Enero","Guadalajara","31-40 años","31-40 años","1.0"
"Año 2016","Enero","Tarragona","41-50 años","51-60 años","1.0"
"Año 2016","Enero","Valencia/València","61-70 años","71-84 años","1.0"
"Año 2016","Enero","Badajoz","21-30 años","21-30 años","1.0"
"Año 2016","Enero","Madrid","41-50 años","31-40 años","1.0"
"Año 2016","Febrero","Málaga","61-70 años","61-70 años","1.0"
"Año 2016","Febrero","Zaragoza","31-40 años","41-50 años","1.0"
"Año 2016","Febrero","Valencia/València","61-70 años","71-84 años","1.0"
"Año 2016","Febrero","Lugo","31-40 años","21-30 años","1.0"
"Año 2016","Marzo","Asturias","31-40 años","41-50 años","1.0"
"Año 2016","Marzo","Illes Balears","18-20 años","21-30 años","1.0"
"Año 2016","Abril","Salamanca","41-50 años","31-40 años","1.0"
"Año 2016","Abril","Barcelona","31-40 años","41-50 años","1.0"
"Año 2016","Abril","Alicante/Alacant","41-50 años","41-50 años","1.0"
"Año 2016","Abril","Lugo","21-30 años","31-40 años","1.0"
"Año 2016","Mayo","Zaragoza","61-70 años","61-70 años","1.0"
"Año 2016","Mayo","Illes Balears","41-50 años","51-60 años","1.0"
"Año 2016","Mayo","Santa Cruz de Tenerife","51-60 años","61-70 años","1.0"
"Año 2016","Mayo","Madrid","21-30 años","21-30 años","1.0"
"Año 2016","Junio","Sevilla","31-40 años","31-40 años","1.0"
"Año 2016","Junio","Barcelona","31-40 años","51-60 años","1.0"
"Año 2016","Julio","Huelva","41-50 años","41-50 años","1.0"
"Año 2016","Julio","Zaragoza","21-30 años","31-40 años","1.0"
"Año 2016","Julio","Burgos","41-50 años","51-60 años","1.0"
"Año 2016","Julio","Castellón/Castelló","41-50 años","31-40 años","1.0"
"Año 2016","Julio","Bizkaia","51-60 años","41-50 años","1.0"
"Año 2016","Julio","Melilla","21-30 años","31-40 años","1.0"
"Año 2016","Agosto","Illes Balears","31-40 años","31-40 años","1.0"
"Año 2016","Agosto","Las Palmas","51-60 años","41-50 años","1.0"
"Año 2016","Agosto","Las Palmas","51-60 años","51-60 años","1.0"
"Año 2016","Agosto","Alicante/Alacant","31-40 años","31-40 años","1.0"
"Año 2016","Septiembre","Illes Balears","31-40 años","21-30 años","1.0"
"Año 2016","Septiembre","Barcelona","31-40 años","41-50 años","1.0"
"Año 2016","Octubre","Sevilla","21-30 años","41-50 años","1.0"
"Año 2016","Octubre","Ávila","31-40 años","31-40 años","1.0"
"Año 2016","Octubre","Salamanca","51-60 años","51-60 años","1.0"
"Año 2016","Octubre","Alicante/Alacant","71-84 años","71-84 años","1.0"
"Año 2016","Noviembre","Granada","31-40 años","31-40 años","1.0"
"Año 2016","Noviembre","Illes Balears","51-60 años","41-50 años","1.0"
"Año 2016","Noviembre","Burgos","41-50 años","51-60 años","1.0"
"Año 2016","Noviembre","León","51-60 años","51-60 años","1.0"
"Año 2016","Noviembre","Madrid","21-30 años","21-30 años","1.0"
"Año 2016","Diciembre","Las Palmas","41-50 años","31-40 años","1.0"
"Año 2016","Diciembre","Barcelona","51-60 años","61-70 años","1.0"
"Año 2016","Diciembre","Tarragona","41-50 años","41-50 años","1.0"
"Año 2016","Diciembre","A Coruña","21-30 años","31-40 años","1.0"
"Año 2016","Diciembre","Pontevedra","21-30 años","31-40 años","1.0"
"Año 2017","Enero","Almería","31-40 años","21-30 años","1.0"
"Año 2017","Enero","Toledo","31-40 años","41-50 años","1.0"
"Año 2017","Enero","Ourense","51-60 años","51-60 años","1.0"
"Año 2017","Enero","Madrid","31-40 años","18-20 años","1.0"
"Año 2017","Enero","Navarra","41-50 años","41-50 años","1.0"
"Año 2017","Febrero","Ciudad Real","41-50 años","51-60 años","1.0"
"Año 2017","Febrero","Toledo","21-30 años","31-40 años","1.0"
"Año 2017","Febrero","Toledo","31-40 años","41-50 años","1.0"
"Año 2017","Febrero","Barcelona","31-40 años","51-60 años","1.0"
"Año 2017","Febrero","Barcelona","71-84 años","71-84 años","1.0"
"Año 2017","Febrero","Alicante/Alacant","71-84 años",">=85 años","1.0"
"Año 2017","Febrero","Valencia/València","41-50 años","31-40 años","1.0"
"Año 2017","Febrero","Valencia/València","41-50 años","51-60 años","1.0"
"Año 2017","Febrero","Badajoz",">=85 años",">=85 años","1.0"
"Año 2017","Febrero","Pontevedra","51-60 años","41-50 años","1.0"
"Año 2017","Marzo","Las Palmas","21-30 años","31-40 años","1.0"
"Año 2017","Marzo","Ciudad Real","41-50 años","41-50 años","1.0"
"Año 2017","Marzo","Madrid","31-40 años","31-40 años","1.0"
"Año 2017","Abril","Almería","21-30 años","21-30 años","1.0"
"Año 2017","Abril","Sevilla","31-40 años","31-40 años","1.0"
"Año 2017","Abril","Santa Cruz de Tenerife","41-50 años","31-40 años","1.0"
"Año 2017","Abril","Barcelona","41-50 años","31-40 años","1.0"
"Año 2017","Mayo","Barcelona","41-50 años","41-50 años","1.0"
"Año 2017","Mayo","Madrid","21-30 años","31-40 años","1.0"
"Año 2017","Mayo","Madrid","31-40 años","41-50 años","1.0"
"Año 2017","Mayo","Madrid","41-50 años","31-40 años","1.0"
"Año 2017","Mayo","Madrid","51-60 años","51-60 años","1.0"
"Año 2017","Mayo","Murcia","31-40 años","41-50 años","1.0"
"Año 2017","Junio","Granada","51-60 años","41-50 años","1.0"
"Año 2017","Junio","Sevilla","31-40 años","51-60 años","1.0"
"Año 2017","Junio","Las Palmas","41-50 años","71-84 años","1.0"
"Año 2017","Junio","Tarragona","21-30 años","41-50 años","1.0"
"Año 2017","Julio","Granada","61-70 años","61-70 años","1.0"
"Año 2017","Julio","Valencia/València","31-40 años","31-40 años","1.0"
"Año 2017","Agosto","Santa Cruz de Tenerife","31-40 años","31-40 años","1.0"
"Año 2017","Agosto","Madrid","51-60 años","61-70 años","1.0"
"Año 2017","Agosto","Murcia","41-50 años","41-50 años","1.0"
"Año 2017","Septiembre","Murcia","18-20 años","21-30 años","1.0"
"Año 2017","Septiembre","Bizkaia","31-40 años","31-40 años","1.0"
"Año 2017","Octubre","Almería","31-40 años","31-40 años","1.0"
"Año 2017","Octubre","Santa Cruz de Tenerife","21-30 años","41-50 años","1.0"
"Año 2017","Octubre","Barcelona","21-30 años","31-40 años","1.0"
"Año 2017","Octubre","Barcelona","61-70 años","61-70 años","1.0"
"Año 2017","Octubre","Araba/Álava","41-50 años","41-50 años","1.0"
"Año 2017","Noviembre","Alicante/Alacant","21-30 años","31-40 años","1.0"
"Año 2017","Noviembre","Castellón/Castelló","31-40 años","31-40 años","1.0"
"Año 2017","Noviembre","Valencia/València","51-60 años","31-40 años","1.0"
"Año 2017","Diciembre","Guadalajara","31-40 años","31-40 años","1.0"
"Año 2017","Diciembre","Barcelona","21-30 años","31-40 años","1.0"
"Año 2017","Diciembre","Castellón/Castelló","18-20 años","21-30 años","1.0"
"Año 2018","Enero","Santa Cruz de Tenerife","41-50 años","61-70 años","1.0"
"Año 2018","Enero","Toledo",">=85 años",">=85 años","1.0"
"Año 2018","Febrero","Granada","51-60 años","61-70 años","1.0"
"Año 2018","Febrero","Málaga","41-50 años","41-50 años","1.0"
"Año 2018","Marzo","Almería","41-50 años","31-40 años","1.0"
"Año 2018","Marzo","Asturias","41-50 años","41-50 años","1.0"
"Año 2018","Marzo","Toledo","41-50 años","31-40 años","1.0"
"Año 2018","Abril","Burgos","31-40 años","31-40 años","1.0"
"Año 2018","Abril","Girona","31-40 años","41-50 años","1.0"
"Año 2018","Abril","Murcia","31-40 años","41-50 años","1.0"
"Año 2018","Abril","Araba/Álava","41-50 años","41-50 años","1.0"
"Año 2018","Mayo","Granada","21-30 años","21-30 años","1.0"
"Año 2018","Junio","Granada","41-50 años","51-60 años","1.0"
"Año 2018","Junio","Zaragoza","31-40 años","31-40 años","1.0"
"Año 2018","Junio","Illes Balears","31-40 años","31-40 años","1.0"
"Año 2018","Junio","Las Palmas","41-50 años","61-70 años","1.0"
"Año 2018","Junio","Barcelona","31-40 años","41-50 años","1.0"
"Año 2018","Junio","Pontevedra","41-50 años","51-60 años","1.0"
"Año 2018","Julio","Huelva","21-30 años","31-40 años","1.0"
"Año 2018","Julio","Asturias","71-84 años",">=85 años","1.0"
"Año 2018","Julio","Santa Cruz de Tenerife","31-40 años","41-50 años","1.0"
"Año 2018","Julio","León","51-60 años","61-70 años","1.0"
"Año 2018","Julio","Barcelona","21-30 años","31-40 años","1.0"
"Año 2018","Julio","A Coruña","51-60 años","51-60 años","1.0"
"Año 2018","Julio","Madrid","41-50 años","41-50 años","1.0"
"Año 2018","Julio","Madrid","41-50 años","51-60 años","1.0"
"Año 2018","Agosto","Granada","18-20 años","31-40 años","1.0"
"Año 2018","Agosto","Barcelona","31-40 años","21-30 años","1.0"
"Año 2018","Agosto","Barcelona","41-50 años","51-60 años","1.0"
"Año 2018","Agosto","Barcelona","71-84 años","71-84 años","1.0"
"Año 2018","Agosto","Alicante/Alacant","51-60 años","51-60 años","1.0"
"Año 2018","Agosto","A Coruña","41-50 años","51-60 años","1.0"
"Año 2018","Agosto","Madrid","21-30 años","41-50 años","1.0"
"Año 2018","Agosto","Navarra","31-40 años","41-50 años","1.0"
"Año 2018","Septiembre","Almería","21-30 años","21-30 años","1.0"
"Año 2018","Septiembre","Granada","31-40 años","41-50 años","1.0"
"Año 2018","Septiembre","Jaén","41-50 años","51-60 años","1.0"
"Año 2018","Septiembre","Málaga","41-50 años","41-50 años","1.0"
"Año 2018","Septiembre","Zaragoza","61-70 años","61-70 años","1.0"
"Año 2018","Septiembre","Asturias","21-30 años","51-60 años","1.0"
"Año 2018","Septiembre","Barcelona","61-70 años","71-84 años","1.0"
"Año 2018","Septiembre","Castellón/Castelló","31-40 años","31-40 años","1.0"
"Año 2018","Septiembre","Madrid","31-40 años","41-50 años","1.0"
"Año 2018","Septiembre","Bizkaia","21-30 años","31-40 años","1.0"
"Año 2018","Octubre","Sevilla","31-40 años","51-60 años","1.0"
"Año 2018","Octubre","Girona","41-50 años","51-60 años","1.0"
"Año 2018","Octubre","Madrid","61-70 años","61-70 años","1.0"
"Año 2018","Octubre","Navarra","41-50 años","41-50 años","1.0"
"Año 2018","Noviembre","Huesca","41-50 años","41-50 años","1.0"
"Año 2018","Noviembre","Illes Balears","31-40 años","41-50 años","1.0"
"Año 2018","Diciembre","Huesca","71-84 años",">=85 años","1.0"
"Año 2018","Diciembre","Barcelona","51-60 años","51-60 años","1.0"
"Año 2018","Diciembre","Murcia","51-60 años","51-60 años","1.0"
"Año 2019","Enero","Málaga","41-50 años","41-50 años","1.0"
"Año 2019","Enero","Sevilla","61-70 años","61-70 años","1.0"
"Año 2019","Enero","Zaragoza","41-50 años","41-50 años","1.0"
"Año 2019","Enero","Las Palmas","21-30 años","41-50 años","1.0"
"Año 2019","Enero","Santa Cruz de Tenerife","41-50 años","51-60 años","1.0"
"Año 2019","Enero","Cantabria","21-30 años","21-30 años","1.0"
"Año 2019","Enero","León",">=85 años",">=85 años","1.0"
"Año 2019","Enero","Tarragona","16-17 años","18-20 años","1.0"
"Año 2019","Febrero","Santa Cruz de Tenerife","51-60 años","51-60 años","1.0"
"Año 2019","Febrero","Alicante/Alacant","21-30 años","31-40 años","1.0"
"Año 2019","Febrero","Madrid","21-30 años","41-50 años","1.0"
"Año 2019","Marzo","Málaga","51-60 años","51-60 años","1.0"
"Año 2019","Marzo","Pontevedra","41-50 años","41-50 años","1.0"
"Año 2019","Marzo","Madrid","31-40 años","41-50 años","1.0"
"Año 2019","Marzo","Madrid","61-70 años","71-84 años","1.0"
"Año 2019","Abril","Jaén","31-40 años","41-50 años","1.0"
"Año 2019","Abril","Las Palmas","41-50 años","41-50 años","1.0"
"Año 2019","Abril","Santa Cruz de Tenerife","31-40 años","41-50 años","1.0"
"Año 2019","Abril","Girona","41-50 años","31-40 años","1.0"
"Año 2019","Abril","Alicante/Alacant","31-40 años","41-50 años","1.0"
"Año 2019","Abril","Castellón/Castelló","21-30 años","21-30 años","1.0"
"Año 2019","Mayo","Las Palmas","31-40 años","41-50 años","1.0"
"Año 2019","Mayo","Madrid","41-50 años","31-40 años","1.0"
"Año 2019","Mayo","Murcia","41-50 años","31-40 años","1.0"
"Año 2019","Junio","Cádiz","51-60 años","41-50 años","1.0"
"Año 2019","Junio","Córdoba","41-50 años","41-50 años","1.0"
"Año 2019","Junio","Córdoba","41-50 años","51-60 años","1.0"
"Año 2019","Junio","Huelva","21-30 años","51-60 años","1.0"
"Año 2019","Junio","Málaga","31-40 años","31-40 años","1.0"
"Año 2019","Junio","Barcelona","41-50 años","41-50 años","1.0"
"Año 2019","Junio","Valencia/València","21-30 años","41-50 años","1.0"
"Año 2019","Julio","Almería","31-40 años","41-50 años","1.0"
"Año 2019","Julio","Córdoba","41-50 años","41-50 años","1.0"
"Año 2019","Julio","Málaga","41-50 años","61-70 años","1.0"
"Año 2019","Julio","Cantabria","51-60 años","51-60 años","1.0"
"Año 2019","Julio","Burgos","21-30 años","31-40 años","1.0"
"Año 2019","Julio","Burgos","51-60 años","51-60 años","1.0"
"Año 2019","Julio","Barcelona","41-50 años","41-50 años","1.0"
"Año 2019","Julio","Alicante/Alacant","41-50 años","41-50 años","1.0"
"Año 2019","Julio","Alicante/Alacant","51-60 años","61-70 años","1.0"
"Año 2019","Julio","Lugo","41-50 años","41-50 años","1.0"
"Año 2019","Agosto","Jaén","71-84 años","71-84 años","1.0"
"Año 2019","Agosto","Santa Cruz de Tenerife","51-60 años","51-60 años","1.0"
"Año 2019","Agosto","Barcelona","21-30 años","21-30 años","1.0"
"Año 2019","Agosto","Madrid","41-50 años","41-50 años","1.0"
"Año 2019","Septiembre","Illes Balears","51-60 años","51-60 años","1.0"
"Año 2019","Septiembre","Las Palmas","41-50 años","41-50 años","1.0"
"Año 2019","Septiembre","Pontevedra","31-40 años","41-50 años","1.0"
"Año 2019","Septiembre","Madrid","31-40 años","41-50 años","1.0"
"Año 2019","Octubre","Granada","31-40 años","41-50 años","1.0"
"Año 2019","Octubre","Barcelona","21-30 años","21-30 años","1.0"
"Año 2019","Octubre","Barcelona","41-50 años","51-60 años","1.0"
"Año 2019","Octubre","Alicante/Alacant","41-50 años","41-50 años","1.0"
"Año 2019","Noviembre","Córdoba",">=85 años",">=85 años","1.0"
"Año 2019","Noviembre","Santa Cruz de Tenerife","21-30 años","21-30 años","1.0"
"Año 2019","Diciembre","Barcelona","41-50 años","41-50 años","1.0"
"Año 2020","Enero","Granada","71-84 años","71-84 años","1.0"
"Año 2020","Enero","Ciudad Real","61-70 años","51-60 años","1.0"
"Año 2020","Enero","Toledo","41-50 años","41-50 años","1.0"
"Año 2020","Enero","Barcelona","21-30 años","21-30 años","1.0"
"Año 2020","Enero","Barcelona","21-30 años","41-50 años","1.0"
"Año 2020","Enero","Barcelona","41-50 años","41-50 años","1.0"
"Año 2020","Enero","Lugo","71-84 años","71-84 años","1.0"
"Año 2020","Enero","Ourense","21-30 años","21-30 años","1.0"
"Año 2020","Febrero","Granada","31-40 años","21-30 años","1.0"
"Año 2020","Febrero","Sevilla","31-40 años","31-40 años","1.0"
"Año 2020","Febrero","Sevilla","41-50 años","51-60 años","1.0"
"Año 2020","Febrero","Asturias","41-50 años","41-50 años","1.0"
"Año 2020","Febrero","Alicante/Alacant","31-40 años","51-60 años","1.0"
"Año 2020","Febrero","Lugo","41-50 años","41-50 años","1.0"
"Año 2020","Febrero","Madrid","71-84 años","71-84 años","1.0"
"Año 2020","Marzo","Córdoba","61-70 años","61-70 años","1.0"
"Año 2020","Marzo","Castellón/Castelló","31-40 años","31-40 años","1.0"
"Año 2020","Marzo","Valencia/València","31-40 años","21-30 años","1.0"
"Año 2020","Marzo","Bizkaia","51-60 años","51-60 años","1.0"
"Año 2020","Abril","Las Palmas","71-84 años","61-70 años","1.0"
"Año 2020","Mayo","Barcelona","51-60 años","51-60 años","1.0"
"Año 2020","Mayo","Girona","61-70 años","71-84 años","1.0"
"Año 2020","Junio","Jaén","41-50 años","51-60 años","1.0"
"Año 2020","Junio","Alicante/Alacant","71-84 años","71-84 años","1.0"
"Año 2020","Julio","Illes Balears","51-60 años","51-60 años","1.0"
"Año 2020","Julio","Santa Cruz de Tenerife","41-50 años","41-50 años","1.0"
"Año 2020","Julio","Barcelona","18-20 años","31-40 años","1.0"
"Año 2020","Julio","Madrid","31-40 años","31-40 años","1.0"
"Año 2020","Agosto","Cádiz","41-50 años","41-50 años","1.0"
"Año 2020","Agosto","Cantabria","21-30 años","21-30 años","1.0"
"Año 2020","Agosto","Segovia","31-40 años","41-50 años","1.0"
"Año 2020","Agosto","Albacete","71-84 años","71-84 años","1.0"
"Año 2020","Agosto","Barcelona","41-50 años","21-30 años","1.0"
"Año 2020","Agosto","Valencia/València","31-40 años","21-30 años","1.0"
"Año 2020","Agosto","Murcia","31-40 años","41-50 años","1.0"
"Año 2020","Agosto","Murcia","61-70 años","61-70 años","1.0"
"Año 2020","Septiembre","Cádiz","41-50 años","21-30 años","1.0"
"Año 2020","Septiembre","Cádiz","51-60 años","51-60 años","1.0"
"Año 2020","Septiembre","Santa Cruz de Tenerife","41-50 años","31-40 años","1.0"
"Año 2020","Septiembre","Valencia/València","21-30 años","21-30 años","1.0"
"Año 2020","Octubre","Illes Balears","31-40 años","31-40 años","1.0"
"Año 2020","Octubre","La Rioja","51-60 años","51-60 años","1.0"
"Año 2020","Noviembre","Sevilla","71-84 años",">=85 años","1.0"
"Año 2020","Noviembre","Illes Balears","31-40 años","31-40 años","1.0"
"Año 2020","Noviembre","Girona","41-50 años","51-60 años","1.0"
"Año 2020","Diciembre","Las Palmas","61-70 años","41-50 años","1.0"
"Año 2020","Diciembre","Ciudad Real","41-50 años","41-50 años","1.0"
"Año 2020","Diciembre","Valencia/València","51-60 años","61-70 años","1.0"
"Año 2020","Diciembre","Pontevedra","51-60 años","61-70 años","1.0"
"Año 2020","Diciembre","Madrid","21-30 años","31-40 años","1.0"
"Año 2021","Enero","Madrid","71-84 años","71-84 años","1.0"
"Año 2021","Febrero","Valladolid","41-50 años","41-50 años","1.0"
"Año 2021","Febrero","Madrid","51-60 años","61-70 años","1.0"
"Año 2021","Febrero","Bizkaia","51-60 años","51-60 años","1.0"
"Año 2021","Marzo","Madrid","41-50 años","41-50 años","2.0"
"Año 2021","Abril","León","31-40 años","21-30 años","1.0"
"Año 2021","Abril","Barcelona","31-40 años","31-40 años","1.0"
"Año 2021","Abril","Tarragona","41-50 años","31-40 años","1.0"
"Año 2021","Abril","Castellón/Castelló","41-50 años","51-60 años","1.0"
"Año 2021","Mayo","Zaragoza","31-40 años","31-40 años","1.0"
"Año 2021","Mayo","Asturias","41-50 años","51-60 años","1.0"
"Año 2021","Mayo","Illes Balears","21-30 años","31-40 años","1.0"
"Año 2021","Mayo","Guadalajara","31-40 años","51-60 años","1.0"
"Año 2021","Mayo","Barcelona","41-50 años","41-50 años","1.0"
"Año 2021","Mayo","Tarragona","51-60 años","51-60 años","1.0"
"Año 2021","Mayo","Valencia/València","51-60 años","51-60 años","1.0"
"Año 2021","Junio","Almería","41-50 años","31-40 años","1.0"
"Año 2021","Junio","Jaén","31-40 años","31-40 años","1.0"
"Año 2021","Junio","Sevilla","16-17 años","21-30 años","1.0"
"Año 2021","Junio","Huesca","31-40 años","41-50 años","1.0"
"Año 2021","Junio","Illes Balears","21-30 años","21-30 años","1.0"
"Año 2021","Junio","Salamanca","31-40 años","61-70 años","1.0"
"Año 2021","Junio","Valladolid","51-60 años","51-60 años","1.0"
"Año 2021","Junio","Girona","41-50 años","41-50 años","1.0"
"Año 2021","Junio","Madrid","51-60 años","61-70 años","1.0"
"Año 2021","Junio","Madrid","71-84 años","71-84 años","1.0"
"Año 2021","Julio","Málaga","41-50 años","51-60 años","1.0"
"Año 2021","Julio","Barcelona","21-30 años","31-40 años","1.0"
"Año 2021","Julio","Barcelona","31-40 años","41-50 años","1.0"
"Año 2021","Julio","Tarragona","21-30 años","51-60 años","1.0"
"Año 2021","Julio","Madrid","71-84 años","71-84 años","1.0"
"Año 2021","Julio","Navarra","41-50 años","41-50 años","1.0"
"Año 2021","Agosto","Málaga","31-40 años","51-60 años","1.0"
"Año 2021","Agosto","Sevilla","51-60 años","61-70 años","1.0"
"Año 2021","Agosto","Barcelona","21-30 años","31-40 años","1.0"
"Año 2021","Septiembre","Alicante/Alacant","31-40 años","51-60 años","1.0"
"Año 2021","Septiembre","A Coruña","51-60 años","41-50 años","1.0"
"Año 2021","Octubre","Alicante/Alacant","61-70 años","61-70 años","1.0"
"Año 2021","Octubre","Araba/Álava","31-40 años","41-50 años","1.0"
"Año 2021","Noviembre","Cádiz","31-40 años","41-50 años","1.0"
"Año 2021","Diciembre","Cádiz","31-40 años","51-60 años","1.0"
"Año 2021","Diciembre","Granada","31-40 años","41-50 años","1.0"
"Año 2021","Diciembre","Cantabria","31-40 años","41-50 años","1.0"
"Año 2021","Diciembre","Barcelona","51-60 años","41-50 años","1.0"
"Año 2021","Diciembre","Girona","61-70 años","61-70 años","1.0"
"Año 2021","Diciembre","Alicante/Alacant","21-30 años","21-30 años","1.0"
"Año 2021","Diciembre","Alicante/Alacant","31-40 años","31-40 años","1.0"
"Año 2021","Diciembre","Valencia/València","21-30 años","31-40 años","1.0"
"Año 2022","Enero","Granada","41-50 años","41-50 años","1.0"
"Año 2022","Enero","Navarra","31-40 años","41-50 años","1.0"
"Año 2022","Febrero","Barcelona","51-60 años","51-60 años","1.0"
"Año 2022","Febrero","Murcia","16-17 años","18-20 años","1.0"
"Año 2022","Marzo","Málaga","31-40 años","31-40 años","1.0"
"Año 2022","Marzo","Toledo","41-50 años","41-50 años","1.0"
"Año 2022","Marzo","Barcelona","21-30 años","31-40 años","1.0"
"Año 2022","Marzo","Madrid","31-40 años","41-50 años","1.0"
"Año 2022","Marzo","Ceuta","41-50 años","41-50 años","1.0"
"Año 2022","Abril","Sevilla","41-50 años","41-50 años","1.0"
"Año 2022","Abril","Cuenca","41-50 años","41-50 años","1.0"
"Año 2022","Abril","Toledo","41-50 años","41-50 años","1.0"
"Año 2022","Abril","Barcelona","41-50 años","41-50 años","1.0"
"Año 2022","Abril","Girona","51-60 años","51-60 años","1.0"
"Año 2022","Mayo","Almería","41-50 años","51-60 años","1.0"
"Año 2022","Mayo","Córdoba","21-30 años","21-30 años","1.0"
"Año 2022","Mayo","Málaga","41-50 años","51-60 años","1.0"
"Año 2022","Mayo","Santa Cruz de Tenerife","71-84 años","71-84 años","1.0"
"Año 2022","Mayo","Ciudad Real","41-50 años","41-50 años","1.0"
"Año 2022","Mayo","Cuenca","41-50 años","31-40 años","1.0"
"Año 2022","Junio","Sevilla","51-60 años","41-50 años","1.0"
"Año 2022","Junio","Soria","31-40 años","31-40 años","1.0"
"Año 2022","Junio","Valencia/València","51-60 años","41-50 años","1.0"
"Año 2022","Junio","Madrid","41-50 años","51-60 años","1.0"
"Año 2022","Julio","Granada","41-50 años","51-60 años","1.0"
"Año 2022","Julio","Santa Cruz de Tenerife","31-40 años","31-40 años","1.0"
"Año 2022","Julio","Madrid","18-20 años","18-20 años","1.0"
"Año 2022","Agosto","Sevilla","41-50 años","41-50 años","1.0"
"Año 2022","Agosto","Valladolid","51-60 años","41-50 años","1.0"
"Año 2022","Agosto","Madrid","18-20 años","41-50 años","1.0"
"Año 2022","Septiembre","Zaragoza","71-84 años","71-84 años","1.0"
"Año 2022","Septiembre","Palencia","31-40 años","31-40 años","1.0"
"Año 2022","Septiembre","Barcelona","51-60 años","71-84 años","1.0"
"Año 2022","Septiembre","Girona","21-30 años","31-40 años","1.0"
"Año 2022","Septiembre","Alicante/Alacant","61-70 años","71-84 años","1.0"
"Año 2022","Octubre","Alicante/Alacant","21-30 años","21-30 años","1.0"
"Año 2022","Noviembre","Málaga","61-70 años","71-84 años","1.0"
"Año 2022","Noviembre","Cáceres","21-30 años","41-50 años","1.0"
"Año 2022","Noviembre","Madrid","21-30 años","31-40 años","1.0"
"Año 2022","Diciembre","Sevilla","31-40 años","41-50 años","1.0"
"Año 2022","Diciembre","Zaragoza","71-84 años","71-84 años","1.0"
"Año 2022","Diciembre","Asturias","31-40 años","51-60 años","1.0"
"Año 2022","Diciembre","Albacete","41-50 años","41-50 años","1.0"
"Año 2022","Diciembre","Toledo","31-40 años","51-60 años","1.0"
"Año 2022","Diciembre","Barcelona",">=85 años","61-70 años","1.0"
"Año 2022","Diciembre","Lleida","31-40 años","31-40 años","1.0"
"Año 2022","Diciembre","Madrid","18-20 años","31-40 años","1.0"
"Año 2022","Diciembre","Madrid","61-70 años","61-70 años","1.0"
"Año 2022","Diciembre","Murcia","51-60 años","61-70 años","1.0"
"Año 2022","Diciembre","Bizkaia","41-50 años","41-50 años","1.0"
"Año 2023","Enero","Cádiz","41-50 años","31-40 años","1.0"
"Año 2023","Enero","Cádiz","61-70 años","61-70 años","1.0"
"Año 2023","Enero","Málaga","41-50 años","41-50 años","1.0"
"Año 2023","Enero","Santa Cruz de Tenerife","41-50 años","41-50 años","1.0"
"Año 2023","Enero","Valladolid","41-50 años","41-50 años","1.0"
"Año 2023","Enero","Ciudad Real","21-30 años","21-30 años","1.0"
"Año 2023","Enero","Lleida","31-40 años","41-50 años","1.0"
"Año 2023","Febrero","Sevilla","16-17 años","21-30 años","1.0"
"Año 2023","Febrero","Pontevedra","41-50 años","41-50 años","1.0"
"Año 2023","Marzo","Zaragoza","31-40 años","51-60 años","1.0"
"Año 2023","Marzo","Alicante/Alacant","61-70 años","61-70 años","1.0"
"Año 2023","Abril","Cádiz","31-40 años","41-50 años","1.0"
"Año 2023","Abril","Huelva","31-40 años","31-40 años","1.0"
"Año 2023","Abril","Las Palmas","41-50 años","41-50 años","1.0"
"Año 2023","Abril","Ávila","71-84 años","71-84 años","1.0"
"Año 2023","Mayo","Granada","31-40 años","41-50 años","1.0"
"Año 2023","Mayo","Málaga","21-30 años","41-50 años","1.0"
"Año 2023","Mayo","Barcelona","31-40 años","21-30 años","1.0"
"Año 2023","Mayo","Madrid","31-40 años","51-60 años","1.0"
"Año 2023","Mayo","Araba/Álava","31-40 años","31-40 años","1.0"
"Año 2023","Mayo","Gipuzkoa","41-50 años","41-50 años","1.0"
"Año 2023","Junio","Barcelona","31-40 años","21-30 años","1.0"
"Año 2023","Junio","Barcelona","31-40 años","31-40 años","1.0"
"Año 2023","Junio","Pontevedra","41-50 años","41-50 años","1.0"
"Año 2023","Junio","Madrid","31-40 años","41-50 años","1.0"
"Año 2023","Julio","Málaga","51-60 años","61-70 años","1.0"
"Año 2023","Julio","Sevilla","21-30 años","41-50 años","1.0"
"Año 2023","Julio","Barcelona","21-30 años","31-40 años","1.0"
"Año 2023","Julio","Girona","21-30 años","21-30 años","1.0"
"Año 2023","Julio","Tarragona","31-40 años","21-30 años","1.0"
"Año 2023","Julio","Valencia/València","31-40 años","51-60 años","1.0"
"Año 2023","Julio","Navarra","41-50 años","51-60 años","1.0"
"Año 2023","Julio","La Rioja","31-40 años","41-50 años","1.0"
"Año 2023","Agosto","Almería","21-30 años","31-40 años","1.0"
"Año 2023","Agosto","Cádiz","61-70 años","71-84 años","1.0"
"Año 2023","Agosto","Córdoba","31-40 años","31-40 años","1.0"
"Año 2023","Agosto","Santa Cruz de Tenerife",">=85 años",">=85 años","1.0"
"Año 2023","Agosto","Salamanca","31-40 años","41-50 años","1.0"
"Año 2023","Agosto","Valencia/València","51-60 años","61-70 años","1.0"
"Año 2023","Agosto","Madrid","51-60 años","61-70 años","1.0"
"Año 2023","Septiembre","Granada","31-40 años","41-50 años","1.0"
"Año 2023","Septiembre","Jaén","51-60 años","51-60 años","1.0"
"Año 2023","Septiembre","Sevilla","41-50 años","41-50 años","1.0"
"Año 2023","Septiembre","Toledo","41-50 años","41-50 años","1.0"
"Año 2023","Septiembre","Girona","71-84 años","71-84 años","1.0"
"Año 2023","Septiembre","Tarragona","41-50 años","41-50 años","1.0"
"Año 2023","Septiembre","Alicante/Alacant","71-84 años","71-84 años","1.0"
"Año 2023","Septiembre","Castellón/Castelló","51-60 años","51-60 años","1.0"
"Año 2023","Septiembre","Madrid","31-40 años","21-30 años","1.0"
"Año 2023","Septiembre","Murcia","31-40 años","41-50 años","1.0"
"Año 2023","Octubre","Málaga","51-60 años","61-70 años","1.0"
"Año 2023","Noviembre","Madrid","31-40 años","41-50 años","1.0"
